Date,Time,Event,Side,Mode,Entry,SL,TP1,TP2,Qty,Score,CtrlScore,DivStr,Delta,BarSpeed,ExitPx,ExitReason,HoldBars,MAE,MFE,DayPnL,TotalPnL,FadeEdge,FadeType,RiskMult,TrendReg,VolReg,ChopReg,Version,RunID
2025-06-16,10:24:11,SETUP,SELL,M4,22893.00,22928.50,22856.00,22804.50,1,4,0,0,6,0.00,0.00,,0,0.00,0.00,0.00,0.00,0,0,0.97,0,1,0,v12.19,4718154977754080839
2025-06-16,10:44:19,SETUP,SELL,M5,22891.25,22925.00,22856.00,22806.75,1,6,0,0,-184,0.00,0.00,,0,0.00,0.00,0.00,0.00,0,0,0.97,0,1,0,v12.19,4718154977754080839
2025-06-16,14:57:36,SETUP,SELL,M5,22853.75,22881.25,22825.00,22778.75,1,4,-2,2,-602,0.00,0.00,,0,0.00,0.00,0.00,0.00,0,0,0.97,0,1,2,v12.19,4718154977754080839
2025-06-17,10:52:00,SETUP,SELL,M5,22813.50,22844.50,22781.25,22736.50,1,6,0,0,-136,0.00,0.00,,0,0.00,0.00,0.00,0.00,0,0,0.97,0,1,1,v12.19,4718154977754080839
2025-06-17,12:03:44,SETUP,SELL,M5,22733.00,22763.50,22701.00,22656.75,1,5,-3,0,-86,0.00,0.00,,0,0.00,0.00,0.00,0.00,0,0,0.97,0,1,1,v12.19,4718154977754080839
2025-06-17,12:26:07,SETUP,SELL,M2,22712.00,22744.25,22678.50,22631.50,1,6,-1,0,-496,0.00,0.00,,0,0.00,0.00,0.00,0.00,0,0,0.97,0,1,0,v12.19,4718154977754080839
2025-06-17,13:00:41,SETUP,SELL,M5,22656.50,22694.75,22616.75,22561.00,1,4,-1,0,-108,0.00,0.00,,0,0.00,0.00,0.00,0.00,0,0,0.97,0,1,0,v12.19,4718154977754080839
2025-06-17,14:18:17,SETUP,SELL,M5,22690.75,22725.25,22654.75,22604.75,1,5,0,-2,248,0.00,0.00,,0,0.00,0.00,0.00,0.00,0,0,0.97,0,1,1,v12.19,4718154977754080839
2025-06-18,11:46:41,SETUP,SELL,M5,22748.25,22774.00,22721.50,22673.25,1,4,0,0,-62,0.00,0.00,,0,0.00,0.00,0.00,0.00,0,0,0.97,0,1,1,v12.19,4718154977754080839
2025-06-18,13:04:43,SETUP,SELL,M5,22688.25,22724.00,22651.00,22599.25,1,5,-1,0,-104,0.00,0.00,,0,0.00,0.00,0.00,0.00,0,0,0.97,0,1,1,v12.19,4718154977754080839
2025-06-18,13:53:17,SETUP,SELL,M5,22687.00,22727.00,22644.75,22585.75,1,5,-2,2,-194,0.00,0.00,,0,0.00,0.00,0.00,0.00,0,0,0.97,0,1,1,v12.19,4718154977754080839
2025-06-18,14:06:59,SETUP,SELL,M8,22642.00,22678.65,22606.25,22570.50,1,3,-3,0,-38,0.00,0.00,,0,0.00,0.00,0.00,0.00,4,2,0.97,0,1,1,v12.19,4718154977754080839
2025-06-18,14:10:46,SETUP,SELL,M8,22656.25,22676.86,22646.40,22610.20,1,4,-1,0,162,0.00,0.00,,0,0.00,0.00,0.00,0.00,4,2,0.97,0,1,1,v12.19,4718154977754080839
2025-06-18,14:14:27,SETUP,SELL,M8,22671.50,22721.42,22645.46,22607.39,1,5,0,0,-208,0.00,0.00,,0,0.00,0.00,0.00,0.00,4,2,0.97,0,1,1,v12.19,4718154977754080839
2025-06-18,14:28:35,SETUP,SELL,M5,22644.25,22684.25,22597.00,22531.00,1,4,0,2,-40,0.00,0.00,,0,0.00,0.00,0.00,0.00,0,0,0.97,0,1,1,v12.19,4718154977754080839
2025-06-18,14:59:08,SETUP,BUY,M4,22652.50,22616.00,22690.50,22743.50,1,5,0,2,18,0.00,0.00,,0,0.00,0.00,0.00,0.00,0,0,0.97,0,1,1,v12.19,4718154977754080839
2025-06-18,15:48:07,SETUP,SELL,M5,22660.50,22693.75,22625.75,22577.50,1,4,0,0,-72,0.00,0.00,,0,0.00,0.00,0.00,0.00,0,0,0.97,0,1,1,v12.19,4718154977754080839
2025-06-20,11:37:32,SETUP,SELL,M4,22576.00,22606.75,22544.00,22499.50,1,4,-1,-2,-240,0.00,0.00,,0,0.00,0.00,0.00,0.00,0,0,0.97,0,1,1,v12.19,4718154977754080839
2025-06-20,12:01:01,SETUP,SELL,M5,22564.75,22597.75,22530.25,22482.25,1,5,0,-2,-330,0.00,0.00,,0,0.00,0.00,0.00,0.00,0,0,0.97,0,1,1,v12.19,4718154977754080839
2025-06-20,13:20:24,SETUP,SELL,M5,22598.50,22628.75,22567.00,22523.00,1,5,1,0,-132,0.00,0.00,,0,0.00,0.00,0.00,0.00,0,0,0.97,0,1,2,v12.19,4718154977754080839
2025-06-20,14:54:01,SETUP,SELL,M5,22559.75,22590.50,22527.75,22483.00,1,6,-1,-2,298,0.00,0.00,,0,0.00,0.00,0.00,0.00,0,0,0.97,0,1,1,v12.19,4718154977754080839
2025-06-20,15:00:46,SETUP,SELL,M4,22589.75,22620.00,22558.25,22514.25,1,6,-2,-4,-74,0.00,0.00,,0,0.00,0.00,0.00,0.00,0,0,0.97,0,1,1,v12.19,4718154977754080839
2025-06-23,10:46:00,SETUP,BUY,M5,22663.75,22635.50,22693.25,22738.75,1,4,0,0,92,0.00,0.00,,0,0.00,0.00,0.00,0.00,0,0,0.97,0,1,1,v12.19,4718154977754080839
2025-06-23,11:37:23,SETUP,BUY,M5,22503.25,22468.25,22539.75,22590.75,1,5,-1,0,426,0.00,0.00,,0,0.00,0.00,0.00,0.00,0,0,0.97,0,1,0,v12.19,4718154977754080839
2025-06-23,12:00:03,SETUP,BUY,M5,22584.00,22544.00,22629.50,22692.75,1,6,-1,2,298,0.00,0.00,,0,0.00,0.00,0.00,0.00,0,0,0.97,0,1,1,v12.19,4718154977754080839
2025-06-23,12:22:15,SETUP,BUY,M2,22685.00,22645.00,22730.25,22793.50,1,6,2,0,326,0.00,0.00,,0,0.00,0.00,0.00,0.00,0,0,0.97,0,1,0,v12.19,4718154977754080839
2025-06-23,12:33:24,SETUP,BUY,M5,22756.50,22718.25,22796.25,22851.75,1,4,2,0,-38,0.00,0.00,,0,0.00,0.00,0.00,0.00,0,0,0.97,0,1,0,v12.19,4718154977754080839
2025-06-23,13:33:46,SETUP,BUY,M5,22769.00,22738.50,22800.75,22845.00,1,5,0,2,448,0.00,0.00,,0,0.00,0.00,0.00,0.00,0,0,0.97,0,1,0,v12.19,4718154977754080839
2025-06-23,14:56:36,SETUP,BUY,M5,22801.25,22774.50,22829.00,22876.25,1,5,2,0,464,0.00,0.00,,0,0.00,0.00,0.00,0.00,0,0,0.97,0,1,1,v12.19,4718154977754080839
2025-06-24,11:24:34,SETUP,BUY,M5,23100.00,23080.00,23125.00,23175.00,1,4,2,0,420,0.00,0.00,,0,0.00,0.00,0.00,0.00,0,0,0.97,0,1,0,v12.19,4718154977754080839
2025-06-24,12:45:56,SETUP,BUY,M5,23124.50,23104.50,23149.50,23199.50,1,4,2,-2,242,0.00,0.00,,0,0.00,0.00,0.00,0.00,0,0,0.97,0,1,0,v12.19,4718154977754080839
2025-06-24,14:28:38,SETUP,BUY,M5,23140.25,23120.25,23165.25,23215.25,1,5,3,0,200,0.00,0.00,,0,0.00,0.00,0.00,0.00,0,0,0.97,0,1,1,v12.19,4718154977754080839
2025-06-24,15:33:36,SETUP,BUY,M5,23114.25,23094.25,23139.25,23189.25,1,4,0,0,100,0.00,0.00,,0,0.00,0.00,0.00,0.00,0,0,0.97,0,1,1,v12.19,4718154977754080839
2025-06-25,10:24:45,SETUP,BUY,M5,23175.75,23152.50,23200.75,23250.75,1,4,0,0,254,0.00,0.00,,0,0.00,0.00,0.00,0.00,0,0,0.97,0,1,1,v12.19,4718154977754080839
2025-06-25,11:50:14,SETUP,BUY,M5,23146.25,23122.75,23171.25,23221.25,1,5,-1,0,164,0.00,0.00,,0,0.00,0.00,0.00,0.00,0,0,0.97,0,1,0,v12.19,4718154977754080839
2025-06-25,12:00:16,SETUP,SELL,M4,23137.00,23160.75,23112.00,23062.00,1,4,-1,-2,-234,0.00,0.00,,0,0.00,0.00,0.00,0.00,0,0,0.97,0,1,0,v12.19,4718154977754080839
2025-06-25,13:10:14,SETUP,BUY,M5,23131.25,23108.50,23156.25,23206.25,1,4,0,0,126,0.00,0.00,,0,0.00,0.00,0.00,0.00,0,0,0.97,0,1,2,v12.19,4718154977754080839
2025-06-25,14:50:00,SETUP,BUY,M5,23158.50,23137.25,23183.50,23233.50,1,5,1,0,374,0.00,0.00,,0,0.00,0.00,0.00,0.00,0,0,0.97,0,1,1,v12.19,4718154977754080839
2025-06-26,10:25:29,SETUP,SELL,M5,23294.50,23315.25,23269.50,23219.50,1,4,0,0,-146,0.00,0.00,,0,0.00,0.00,0.00,0.00,0,0,0.97,0,1,0,v12.19,4718154977754080839
2025-06-26,11:31:32,SETUP,SELL,M5,23315.25,23335.25,23290.25,23240.25,1,5,1,0,-332,0.00,0.00,,0,0.00,0.00,0.00,0.00,0,0,1.03,0,1,1,v12.19,4718154977754080839
2025-06-26,13:36:46,SETUP,SELL,M5,23377.50,23397.50,23352.50,23302.50,1,4,2,0,-224,0.00,0.00,,0,0.00,0.00,0.00,0.00,0,0,1.03,0,1,0,v12.19,4718154977754080839
2025-06-26,14:59:58,SETUP,SELL,M5,23365.75,23385.75,23340.75,23290.75,1,5,2,4,-448,0.00,0.00,,0,0.00,0.00,0.00,0.00,0,0,1.03,0,1,1,v12.19,4718154977754080839
2025-06-27,12:24:22,SETUP,SELL,M5,23484.00,23504.00,23459.00,23409.00,1,4,1,0,-112,0.00,0.00,,0,0.00,0.00,0.00,0.00,0,0,1.03,0,1,2,v12.19,4718154977754080839
2025-06-27,13:11:43,SETUP,SELL,M5,23422.50,23448.00,23396.00,23347.50,1,4,1,0,-316,0.00,0.00,,0,0.00,0.00,0.00,0.00,0,0,1.03,0,1,0,v12.19,4718154977754080839
2025-06-27,13:51:40,SETUP,SELL,M5,23328.75,23358.25,23298.00,23253.75,1,4,1,0,-254,0.00,0.00,,0,0.00,0.00,0.00,0.00,0,0,1.03,0,1,0,v12.19,4718154977754080839
2025-06-27,14:59:49,SETUP,SELL,M5,23458.25,23479.75,23433.25,23383.25,1,4,2,0,-202,0.00,0.00,,0,0.00,0.00,0.00,0.00,0,0,1.03,0,1,0,v12.19,4718154977754080839
2025-06-30,11:45:00,SETUP,BUY,M5,23564.00,23543.75,23589.00,23639.00,1,4,2,0,-332,0.00,0.00,,0,0.00,0.00,0.00,0.00,0,0,1.03,0,1,1,v12.19,4718154977754080839
2025-06-30,14:17:37,SETUP,BUY,M5,23581.00,23557.75,23606.00,23656.00,1,5,3,0,416,0.00,0.00,,0,0.00,0.00,0.00,0.00,0,0,1.03,0,1,1,v12.19,4718154977754080839
2025-06-30,14:57:00,SETUP,BUY,M5,23630.75,23609.00,23655.75,23705.75,1,4,3,0,218,0.00,0.00,,0,0.00,0.00,0.00,0.00,0,0,1.03,0,1,0,v12.19,4718154977754080839
2025-06-30,14:59:59,SETUP,BUY,M4,23605.50,23584.75,23630.50,23680.50,1,5,1,2,260,0.00,0.00,,0,0.00,0.00,0.00,0.00,0,0,1.03,0,1,0,v12.19,4718154977754080839
2025-06-30,15:01:25,SETUP,BUY,M4,23589.00,23568.25,23614.00,23664.00,1,5,0,0,-132,0.00,0.00,,0,0.00,0.00,0.00,0.00,0,0,1.03,0,1,1,v12.19,4718154977754080839
2025-07-01,10:39:49,SETUP,SELL,M5,23344.75,23372.50,23316.00,23269.75,1,5,1,0,-408,0.00,0.00,,0,0.00,0.00,0.00,0.00,0,0,1.03,0,1,0,v12.19,4718154977754080839
2025-07-01,12:24:07,SETUP,SELL,M5,23435.00,23462.00,23406.75,23360.00,1,5,2,0,-210,0.00,0.00,,0,0.00,0.00,0.00,0.00,0,0,0.97,0,1,1,v12.19,4718154977754080839
2025-07-01,14:27:26,SETUP,SELL,M5,23422.75,23449.00,23395.50,23347.75,1,5,2,0,-196,0.00,0.00,,0,0.00,0.00,0.00,0.00,0,0,0.97,0,1,2,v12.19,4718154977754080839
2025-07-02,10:45:13,SETUP,BUY,M5,23530.50,23508.50,23555.50,23605.50,1,4,0,0,254,0.00,0.00,,0,0.00,0.00,0.00,0.00,0,0,0.97,0,1,0,v12.19,4718154977754080839
2025-07-02,12:13:37,SETUP,BUY,M5,23530.25,23510.25,23555.25,23605.25,1,4,1,0,-104,0.00,0.00,,0,0.00,0.00,0.00,0.00,0,0,0.97,0,1,1,v12.19,4718154977754080839
2025-07-02,15:39:44,SETUP,BUY,M5,23550.75,23530.75,23575.75,23625.75,1,4,2,0,318,0.00,0.00,,0,0.00,0.00,0.00,0.00,0,0,0.97,0,1,2,v12.19,4718154977754080839
2025-07-03,11:15:10,SETUP,SELL,M5,23786.50,23806.50,23761.50,23711.50,1,4,0,0,-202,0.00,0.00,,0,0.00,0.00,0.00,0.00,0,0,0.97,0,1,1,v12.19,4718154977754080839
2025-07-07,10:25:24,SETUP,BUY,M5,23625.25,23601.25,23650.25,23700.25,1,5,0,0,260,0.00,0.00,,0,0.00,0.00,0.00,0.00,0,0,0.97,0,1,1,v12.19,4718154977754080839
2025-07-07,11:22:50,SETUP,BUY,M5,23611.25,23578.75,23645.00,23692.00,1,5,0,0,470,0.00,0.00,,0,0.00,0.00,0.00,0.00,0,0,0.97,0,1,2,v12.19,4718154977754080839
2025-07-07,11:55:09,SETUP,BUY,M4,23581.25,23549.00,23614.75,23661.50,1,5,0,0,148,0.00,0.00,,0,0.00,0.00,0.00,0.00,0,0,0.97,0,1,1,v12.19,4718154977754080839
2025-07-07,12:05:07,SETUP,BUY,M5,23591.50,23560.25,23624.00,23669.50,1,5,-1,0,64,0.00,0.00,,0,0.00,0.00,0.00,0.00,0,0,0.97,0,1,2,v12.19,4718154977754080839
2025-07-07,13:23:47,SETUP,BUY,M5,23531.00,23499.75,23563.50,23609.00,1,4,1,0,164,0.00,0.00,,0,0.00,0.00,0.00,0.00,0,0,0.97,0,1,0,v12.19,4718154977754080839
2025-07-07,14:10:23,SETUP,BUY,M8,23566.00,23553.96,23590.39,23612.18,1,3,3,0,84,0.00,0.00,,0,0.00,0.00,0.00,0.00,4,2,0.97,0,1,3,v12.19,4718154977754080839
2025-07-07,14:14:55,SETUP,BUY,M8,23559.00,23549.08,23590.21,23611.62,1,5,3,2,-154,0.00,0.00,,0,0.00,0.00,0.00,0.00,4,2,0.97,0,1,1,v12.19,4718154977754080839
2025-07-07,14:21:16,SETUP,BUY,M8,23565.25,23549.70,23590.00,23611.01,1,4,3,2,-4,0.00,0.00,,0,0.00,0.00,0.00,0.00,4,2,0.97,0,1,1,v12.19,4718154977754080839
2025-07-07,14:27:28,SETUP,BUY,M8,23571.75,23548.76,23589.89,23610.69,1,5,1,2,100,0.00,0.00,,0,0.00,0.00,0.00,0.00,4,2,0.97,0,1,2,v12.19,4718154977754080839
2025-07-07,14:33:14,SETUP,BUY,M8,23565.75,23550.12,23589.71,23610.15,1,3,1,0,-64,0.00,0.00,,0,0.00,0.00,0.00,0.00,4,2,0.97,0,1,1,v12.19,4718154977754080839
2025-07-07,14:40:14,SETUP,BUY,M8,23565.75,23544.71,23589.57,23609.72,1,4,1,0,-106,0.00,0.00,,0,0.00,0.00,0.00,0.00,4,2,0.97,0,1,3,v12.19,4718154977754080839
2025-07-07,15:00:49,SETUP,BUY,M8,23566.00,23560.20,23588.75,23607.26,1,0,2,0,-198,0.00,0.00,,0,0.00,0.00,0.00,0.00,4,2,0.97,0,1,1,v12.19,4718154977754080839
2025-07-07,15:05:24,SETUP,BUY,M8,23572.75,23554.02,23588.63,23606.88,1,0,2,0,-12,0.00,0.00,,0,0.00,0.00,0.00,0.00,4,2,0.97,0,1,1,v12.19,4718154977754080839
2025-07-07,15:46:33,SETUP,BUY,M8,23539.75,23525.04,23589.44,23609.32,1,3,1,0,74,0.00,0.00,,0,0.00,0.00,0.00,0.00,4,2,0.97,0,1,1,v12.19,4718154977754080839
2025-07-08,10:44:41,SETUP,BUY,M5,23602.50,23578.75,23627.50,23677.50,1,5,1,0,204,0.00,0.00,,0,0.00,0.00,0.00,0.00,0,0,0.97,0,1,2,v12.19,4718154977754080839
2025-07-08,11:40:49,SETUP,BUY,M5,23623.25,23597.25,23650.50,23698.25,1,5,1,0,92,0.00,0.00,,0,0.00,0.00,0.00,0.00,0,0,0.97,0,1,1,v12.19,4718154977754080839
2025-07-08,13:03:58,SETUP,BUY,M5,23643.50,23618.75,23669.25,23718.50,1,5,3,0,128,0.00,0.00,,0,0.00,0.00,0.00,0.00,0,0,0.97,0,1,2,v12.19,4718154977754080839
2025-07-08,13:43:02,SETUP,BUY,M4,23611.00,23587.00,23636.00,23686.00,1,4,0,0,58,0.00,0.00,,0,0.00,0.00,0.00,0.00,0,0,0.97,0,1,1,v12.19,4718154977754080839
2025-07-08,14:41:29,SETUP,BUY,M5,23593.25,23571.75,23618.25,23668.25,1,4,1,2,60,0.00,0.00,,0,0.00,0.00,0.00,0.00,0,0,0.97,0,1,2,v12.19,4718154977754080839
2025-07-09,10:32:36,SETUP,SELL,M5,23677.50,23700.50,23652.50,23602.50,1,4,2,0,-300,0.00,0.00,,0,0.00,0.00,0.00,0.00,0,0,0.97,0,1,1,v12.19,4718154977754080839
2025-07-09,11:12:15,SETUP,BUY,M4,23666.50,23642.00,23692.00,23741.50,1,5,1,2,216,0.00,0.00,,0,0.00,0.00,0.00,0.00,0,0,0.97,0,1,1,v12.19,4718154977754080839
2025-07-09,12:08:34,SETUP,SELL,M5,23688.00,23710.75,23663.00,23613.00,1,5,2,0,-116,0.00,0.00,,0,0.00,0.00,0.00,0.00,0,0,0.97,0,1,1,v12.19,4718154977754080839
2025-07-09,14:25:57,SETUP,SELL,M5,23743.00,23763.00,23718.00,23668.00,1,6,2,-2,-298,0.00,0.00,,0,0.00,0.00,0.00,0.00,0,0,0.97,0,1,0,v12.19,4718154977754080839
2025-07-10,11:18:59,SETUP,BUY,M5,23702.50,23681.00,23727.50,23777.50,1,5,1,0,130,0.00,0.00,,0,0.00,0.00,0.00,0.00,0,0,0.97,0,1,1,v12.19,4718154977754080839
2025-07-10,12:50:50,SETUP,BUY,M5,23745.75,23725.75,23770.75,23820.75,1,4,3,0,400,0.00,0.00,,0,0.00,0.00,0.00,0.00,0,0,0.97,0,1,0,v12.19,4718154977754080839
2025-07-10,14:27:48,SETUP,BUY,M4,23742.00,23722.00,23767.00,23817.00,1,6,2,2,-198,0.00,0.00,,0,0.00,0.00,0.00,0.00,0,0,0.97,0,1,1,v12.19,4718154977754080839
2025-07-10,14:41:25,SETUP,BUY,M5,23740.25,23720.25,23765.25,23815.25,1,4,0,-2,-274,0.00,0.00,,0,0.00,0.00,0.00,0.00,0,0,0.97,0,1,1,v12.19,4718154977754080839
2025-07-11,12:33:23,SETUP,SELL,M5,23688.75,23711.25,23663.75,23613.75,1,5,1,2,-318,0.00,0.00,,0,0.00,0.00,0.00,0.00,0,0,0.97,0,1,1,v12.19,4718154977754080839
2025-07-11,14:06:09,SETUP,SELL,M5,23643.00,23665.25,23618.00,23568.00,1,4,-1,0,-232,0.00,0.00,,0,0.00,0.00,0.00,0.00,0,0,0.97,0,1,0,v12.19,4718154977754080839
2025-07-11,14:59:55,SETUP,SELL,M5,23660.25,23680.25,23635.25,23585.25,1,4,0,0,-172,0.00,0.00,,0,0.00,0.00,0.00,0.00,0,0,0.97,0,1,1,v12.19,4718154977754080839
2025-07-14,12:56:27,SETUP,SELL,M5,23745.75,23765.75,23720.75,23670.75,1,5,1,0,-260,0.00,0.00,,0,0.00,0.00,0.00,0.00,0,0,0.97,0,1,1,v12.19,4718154977754080839
2025-07-15,11:20:47,SETUP,BUY,M5,23849.00,23827.75,23874.00,23924.00,1,4,-1,0,68,0.00,0.00,,0,0.00,0.00,0.00,0.00,0,0,0.97,0,1,2,v12.19,4718154977754080839
2025-07-15,12:28:01,SETUP,BUY,M5,23829.50,23806.25,23854.50,23904.50,1,4,1,0,156,0.00,0.00,,0,0.00,0.00,0.00,0.00,0,0,0.97,0,1,1,v12.19,4718154977754080839
2025-07-15,13:17:09,SETUP,BUY,M2,23884.25,23863.75,23909.25,23959.25,1,6,3,0,-106,0.00,0.00,,0,0.00,0.00,0.00,0.00,0,0,0.97,0,1,1,v12.19,4718154977754080839
2025-07-15,13:35:31,SETUP,BUY,M2,23867.50,23847.50,23892.50,23942.50,1,6,1,0,-88,0.00,0.00,,0,0.00,0.00,0.00,0.00,0,0,0.97,0,1,2,v12.19,4718154977754080839
2025-07-15,15:05:37,SETUP,BUY,M5,23739.50,23719.50,23764.50,23814.50,1,5,0,2,-232,0.00,0.00,,0,0.00,0.00,0.00,0.00,0,0,0.97,0,1,0,v12.19,4718154977754080839
2025-07-16,10:23:02,SETUP,BUY,M5,23653.00,23615.00,23692.50,23748.00,1,5,-1,0,292,0.00,0.00,,0,0.00,0.00,0.00,0.00,0,0,0.97,0,1,1,v12.19,4718154977754080839
2025-07-16,10:41:24,SETUP,BUY,M5,23633.25,23598.00,23669.75,23721.00,1,5,2,0,192,0.00,0.00,,0,0.00,0.00,0.00,0.00,0,0,0.97,0,1,1,v12.19,4718154977754080839
2025-07-16,11:47:26,SETUP,BUY,M2,23724.25,23689.50,23760.50,23811.00,1,6,1,0,228,0.00,0.00,,0,0.00,0.00,0.00,0.00,0,0,0.97,0,1,0,v12.19,4718154977754080839
2025-07-16,12:21:44,SETUP,BUY,M5,23755.00,23725.75,23785.50,23830.00,1,4,3,0,-200,0.00,0.00,,0,0.00,0.00,0.00,0.00,0,0,0.97,0,1,0,v12.19,4718154977754080839
2025-07-16,14:09:11,SETUP,SELL,M8,23772.75,23793.67,23758.99,23736.07,1,4,1,-3,-242,0.00,0.00,,0,0.00,0.00,0.00,0.00,7,4,0.97,0,1,0,v12.19,4718154977754080839
2025-07-16,14:16:04,SETUP,BUY,M5,23776.00,23754.50,23801.00,23851.00,1,4,2,0,36,0.00,0.00,,0,0.00,0.00,0.00,0.00,0,0,0.97,0,1,1,v12.19,4718154977754080839
2025-07-16,15:05:57,SETUP,BUY,M4,23779.00,23759.00,23804.00,23854.00,1,5,2,0,102,0.00,0.00,,0,0.00,0.00,0.00,0.00,0,0,0.97,0,1,1,v12.19,4718154977754080839
2025-07-16,15:51:10,SETUP,BUY,M5,23778.75,23758.75,23803.75,23853.75,1,4,1,0,92,0.00,0.00,,0,0.00,0.00,0.00,0.00,0,0,0.97,0,1,1,v12.19,4718154977754080839
2025-07-17,12:16:02,SETUP,BUY,M5,23969.25,23949.25,23994.25,24044.25,1,4,2,0,120,0.00,0.00,,0,0.00,0.00,0.00,0.00,0,0,0.97,0,1,1,v12.19,4718154977754080839
2025-07-17,12:28:03,SETUP,BUY,M4,23963.50,23943.50,23988.50,24038.50,1,5,1,2,-64,0.00,0.00,,0,0.00,0.00,0.00,0.00,0,0,0.97,0,1,1,v12.19,4718154977754080839
2025-07-17,13:49:23,SETUP,BUY,M5,23962.25,23942.25,23987.25,24037.25,1,5,3,0,136,0.00,0.00,,0,0.00,0.00,0.00,0.00,0,0,0.97,0,1,2,v12.19,4718154977754080839
2025-07-17,14:50:31,SETUP,BUY,M4,23973.75,23953.75,23998.75,24048.75,1,4,1,0,72,0.00,0.00,,0,0.00,0.00,0.00,0.00,0,0,0.97,0,1,1,v12.19,4718154977754080839
2025-07-17,15:28:01,SETUP,SELL,M8,23974.00,23989.61,23963.05,23944.79,1,6,1,-5,-172,0.00,0.00,,0,0.00,0.00,0.00,0.00,7,4,0.97,0,1,1,v12.19,4718154977754080839
2025-07-18,10:30:59,SETUP,BUY,M5,23936.75,23916.00,23961.75,24011.75,1,4,0,0,192,0.00,0.00,,0,0.00,0.00,0.00,0.00,0,0,0.97,0,1,2,v12.19,4718154977754080839
2025-07-18,11:15:45,SETUP,BUY,M4,23932.75,23912.75,23957.75,24007.75,1,4,0,0,52,0.00,0.00,,0,0.00,0.00,0.00,0.00,0,0,0.97,0,1,1,v12.19,4718154977754080839
2025-07-18,11:27:15,SETUP,BUY,M5,23916.00,23896.00,23941.00,23991.00,1,4,-1,0,322,0.00,0.00,,0,0.00,0.00,0.00,0.00,0,0,0.97,0,1,2,v12.19,4718154977754080839
2025-07-18,12:26:33,SETUP,BUY,M5,23928.00,23907.50,23953.00,24003.00,1,4,2,-4,230,0.00,0.00,,0,0.00,0.00,0.00,0.00,0,0,0.97,0,1,1,v12.19,4718154977754080839
2025-07-18,12:31:50,SETUP,SELL,M4,23919.75,23940.50,23894.75,23844.75,1,4,0,-4,-106,0.00,0.00,,0,0.00,0.00,0.00,0.00,0,0,0.97,0,1,1,v12.19,4718154977754080839
2025-07-18,14:16:12,SETUP,BUY,M5,23936.50,23916.50,23961.50,24011.50,1,4,3,-2,310,0.00,0.00,,0,0.00,0.00,0.00,0.00,0,0,0.97,0,1,1,v12.19,4718154977754080839
2025-07-21,11:25:27,SETUP,BUY,M5,24084.50,24064.50,24109.50,24159.50,1,5,1,2,444,0.00,0.00,,0,0.00,0.00,0.00,0.00,0,0,0.97,0,1,1,v12.19,4718154977754080839
2025-07-21,14:33:08,SETUP,BUY,M5,24079.50,24059.50,24104.50,24154.50,1,4,2,0,-118,0.00,0.00,,0,0.00,0.00,0.00,0.00,0,0,1.03,0,1,1,v12.19,4718154977754080839
2025-07-22,12:51:00,SETUP,BUY,M2,23926.00,23906.00,23951.00,24001.00,1,6,2,2,64,0.00,0.00,,0,0.00,0.00,0.00,0.00,0,0,1.03,0,1,3,v12.19,4718154977754080839
2025-07-22,14:36:17,SETUP,BUY,M5,23958.00,23938.00,23983.00,24033.00,1,4,2,0,132,0.00,0.00,,0,0.00,0.00,0.00,0.00,0,0,1.03,0,1,2,v12.19,4718154977754080839
2025-07-23,11:31:13,SETUP,SELL,M5,23919.00,23943.50,23893.50,23844.00,1,4,1,0,46,0.00,0.00,,0,0.00,0.00,0.00,0.00,0,0,1.03,0,1,2,v12.19,4718154977754080839
2025-07-23,13:50:12,SETUP,SELL,M5,24003.75,24023.75,23978.75,23928.75,1,5,2,0,-134,0.00,0.00,,0,0.00,0.00,0.00,0.00,0,0,0.97,0,1,1,v12.19,4718154977754080839
2025-07-24,10:44:31,SETUP,BUY,M5,24091.50,24071.50,24116.50,24166.50,1,5,0,0,186,0.00,0.00,,0,0.00,0.00,0.00,0.00,0,0,0.97,0,1,1,v12.19,4718154977754080839
2025-07-24,13:24:23,SETUP,BUY,M5,24127.75,24107.75,24152.75,24202.75,1,4,2,0,132,0.00,0.00,,0,0.00,0.00,0.00,0.00,0,0,0.97,0,1,0,v12.19,4718154977754080839
2025-07-24,15:02:20,SETUP,BUY,M2,24093.00,24073.00,24118.00,24168.00,1,6,1,2,426,0.00,0.00,,0,0.00,0.00,0.00,0.00,0,0,1.03,0,1,1,v12.19,4718154977754080839
2025-07-25,11:31:00,SETUP,SELL,M5,24170.50,24190.50,24145.50,24095.50,1,6,2,0,-238,0.00,0.00,,0,0.00,0.00,0.00,0.00,0,0,1.03,0,1,1,v12.19,4718154977754080839
2025-07-25,13:05:59,SETUP,SELL,M5,24145.50,24165.50,24120.50,24070.50,1,5,1,0,-232,0.00,0.00,,0,0.00,0.00,0.00,0.00,0,0,1.03,0,1,2,v12.19,4718154977754080839
2025-07-25,13:22:46,SETUP,SELL,M4,24163.25,24183.25,24138.25,24088.25,1,5,-1,-2,-116,0.00,0.00,,0,0.00,0.00,0.00,0.00,0,0,1.03,0,1,1,v12.19,4718154977754080839
2025-07-25,14:45:28,SETUP,SELL,M5,24141.50,24161.50,24116.50,24066.50,1,4,-1,0,-494,0.00,0.00,,0,0.00,0.00,0.00,0.00,0,0,1.03,0,1,1,v12.19,4718154977754080839
2025-07-28,10:22:28,SETUP,BUY,M5,24180.00,24160.00,24205.00,24255.00,1,5,0,0,326,0.00,0.00,,0,0.00,0.00,0.00,0.00,0,0,1.03,0,1,1,v12.19,4718154977754080839
2025-07-28,11:40:05,SETUP,BUY,M5,24193.75,24173.75,24218.75,24268.75,1,4,2,0,108,0.00,0.00,,0,0.00,0.00,0.00,0.00,0,0,1.03,0,1,2,v12.19,4718154977754080839
2025-07-28,13:06:46,SETUP,BUY,M5,24162.00,24142.00,24187.00,24237.00,1,4,1,0,274,0.00,0.00,,0,0.00,0.00,0.00,0.00,0,0,1.03,0,1,1,v12.19,4718154977754080839
2025-07-29,10:31:33,SETUP,BUY,M5,24188.50,24168.25,24213.50,24263.50,1,5,1,0,48,0.00,0.00,,0,0.00,0.00,0.00,0.00,0,0,1.03,0,1,0,v12.19,4718154977754080839
2025-07-29,10:54:11,SETUP,SELL,M8,24219.75,24234.57,24207.27,24186.47,1,4,3,-3,-190,0.00,0.00,,0,0.00,0.00,0.00,0.00,7,4,1.03,0,1,2,v12.19,4718154977754080839
2025-07-29,11:26:02,SETUP,BUY,M5,24184.25,24164.25,24209.25,24259.25,1,4,-1,0,86,0.00,0.00,,0,0.00,0.00,0.00,0.00,0,0,1.03,0,1,2,v12.19,4718154977754080839
2025-07-29,12:28:11,SETUP,BUY,M5,24219.75,24199.75,24244.75,24294.75,1,6,2,0,-144,0.00,0.00,,0,0.00,0.00,0.00,0.00,0,0,0.97,0,1,2,v12.19,4718154977754080839
2025-07-29,12:43:08,SETUP,BUY,M4,24187.25,24167.00,24212.25,24262.25,1,4,0,0,340,0.00,0.00,,0,0.00,0.00,0.00,0.00,0,0,0.97,0,1,1,v12.19,4718154977754080839
2025-07-29,13:28:52,SETUP,BUY,M5,24199.75,24179.75,24224.75,24274.75,1,4,0,0,378,0.00,0.00,,0,0.00,0.00,0.00,0.00,0,0,0.97,0,1,2,v12.19,4718154977754080839
2025-07-29,14:38:54,SETUP,BUY,M5,24143.00,24123.00,24168.00,24218.00,1,5,-1,0,210,0.00,0.00,,0,0.00,0.00,0.00,0.00,0,0,0.97,0,1,1,v12.19,4718154977754080839
2025-07-30,13:37:46,SETUP,SELL,M5,24253.25,24277.75,24227.75,24178.25,1,4,2,0,-220,0.00,0.00,,0,0.00,0.00,0.00,0.00,0,0,0.97,0,1,2,v12.19,4718154977754080839
2025-07-30,14:08:17,SETUP,SELL,M5,24113.50,24150.00,24075.50,24022.25,1,4,1,0,-4,0.00,0.00,,0,0.00,0.00,0.00,0.00,0,0,0.97,0,1,0,v12.19,4718154977754080839
2025-07-30,14:10:30,SETUP,BUY,M2,24138.50,24101.75,24177.00,24230.50,1,6,1,-2,134,0.00,0.00,,0,0.00,0.00,0.00,0.00,0,0,0.97,0,1,0,v12.19,4718154977754080839
2025-07-30,14:37:00,SETUP,SELL,M5,24095.25,24130.25,24058.75,24008.00,1,4,-1,0,-260,0.00,0.00,,0,0.00,0.00,0.00,0.00,0,0,0.97,0,1,1,v12.19,4718154977754080839
2025-07-31,10:11:27,SETUP,BUY,M4,24237.75,24211.50,24265.00,24312.75,1,4,0,0,344,0.00,0.00,,0,0.00,0.00,0.00,0.00,0,0,0.97,0,1,0,v12.19,4718154977754080839
2025-07-31,10:57:38,SETUP,BUY,M5,24298.00,24274.25,24323.00,24373.00,1,4,2,0,296,0.00,0.00,,0,0.00,0.00,0.00,0.00,0,0,0.97,0,1,2,v12.19,4718154977754080839
2025-07-31,11:47:07,SETUP,BUY,M4,24284.25,24262.50,24309.25,24359.25,1,5,0,0,102,0.00,0.00,,0,0.00,0.00,0.00,0.00,0,0,0.97,0,1,1,v12.19,4718154977754080839
2025-07-31,12:04:11,SETUP,BUY,M5,24267.75,24245.50,24292.75,24342.75,1,5,2,2,242,0.00,0.00,,0,0.00,0.00,0.00,0.00,0,0,0.97,0,1,1,v12.19,4718154977754080839
2025-07-31,12:36:14,SETUP,BUY,M5,24186.00,24162.00,24211.00,24261.00,1,4,1,-2,332,0.00,0.00,,0,0.00,0.00,0.00,0.00,0,0,0.97,0,1,0,v12.19,4718154977754080839
2025-07-31,12:58:08,SETUP,BUY,M4,24097.00,24068.75,24126.50,24172.00,1,5,0,0,278,0.00,0.00,,0,0.00,0.00,0.00,0.00,0,0,0.97,0,1,0,v12.19,4718154977754080839
2025-07-31,13:08:04,SETUP,BUY,M5,24077.50,24049.50,24106.75,24152.50,1,6,1,4,102,0.00,0.00,,0,0.00,0.00,0.00,0.00,0,0,0.97,0,1,0,v12.19,4718154977754080839
2025-07-31,13:19:17,SETUP,BUY,M2,24069.25,24038.75,24101.00,24145.25,1,6,0,0,172,0.00,0.00,,0,0.00,0.00,0.00,0.00,0,0,0.97,0,1,1,v12.19,4718154977754080839
2025-07-31,14:30:13,SETUP,BUY,M5,24096.75,24069.75,24125.00,24171.75,1,4,-1,0,146,0.00,0.00,,0,0.00,0.00,0.00,0.00,0,0,0.97,0,1,1,v12.19,4718154977754080839
2025-07-31,14:58:56,SETUP,BUY,M5,24075.00,24048.75,24102.25,24150.00,1,5,1,0,192,0.00,0.00,,0,0.00,0.00,0.00,0.00,0,0,0.97,0,1,1,v12.19,4718154977754080839
2025-08-01,11:07:02,SETUP,SELL,M5,23727.75,23757.50,23696.75,23652.75,1,4,2,0,-230,0.00,0.00,,0,0.00,0.00,0.00,0.00,0,0,0.97,0,1,1,v12.19,4718154977754080839
2025-08-01,12:39:52,SETUP,SELL,M5,23572.25,23602.25,23541.00,23497.25,1,4,1,0,112,0.00,0.00,,0,0.00,0.00,0.00,0.00,0,0,0.97,0,1,0,v12.19,4718154977754080839
2025-08-04,10:22:45,SETUP,BUY,M5,23927.25,23901.75,23953.75,24002.25,1,4,0,0,508,0.00,0.00,,0,0.00,0.00,0.00,0.00,0,0,0.97,0,1,1,v12.19,4718154977754080839
2025-08-04,11:36:23,SETUP,BUY,M5,23964.25,23942.25,23989.25,24039.25,1,6,2,2,-466,0.00,0.00,,0,0.00,0.00,0.00,0.00,0,0,0.97,0,1,1,v12.19,4718154977754080839
2025-08-04,13:17:51,SETUP,BUY,M5,23979.00,23959.00,24004.00,24054.00,1,4,-1,0,182,0.00,0.00,,0,0.00,0.00,0.00,0.00,0,0,0.97,0,1,0,v12.19,4718154977754080839
2025-08-05,10:19:06,SETUP,SELL,M5,23880.25,23912.50,23846.75,23800.00,1,4,0,0,-400,0.00,0.00,,0,0.00,0.00,0.00,0.00,0,0,0.97,0,1,0,v12.19,4718154977754080839
2025-08-05,12:30:19,SETUP,SELL,M5,23918.50,23945.50,23890.50,23843.50,1,5,-1,-2,-162,0.00,0.00,,0,0.00,0.00,0.00,0.00,0,0,0.97,0,1,0,v12.19,4718154977754080839
2025-08-05,13:40:03,SETUP,SELL,M5,23867.50,23894.00,23839.75,23792.50,1,4,-1,0,-204,0.00,0.00,,0,0.00,0.00,0.00,0.00,0,0,0.97,0,1,1,v12.19,4718154977754080839
2025-08-05,14:45:00,SETUP,SELL,M5,23841.00,23865.50,23815.50,23766.00,1,4,-1,0,-226,0.00,0.00,,0,0.00,0.00,0.00,0.00,0,0,0.97,0,1,0,v12.19,4718154977754080839
2025-08-06,14:39:21,SETUP,SELL,M5,24132.75,24152.75,24107.75,24057.75,1,4,2,0,-266,0.00,0.00,,0,0.00,0.00,0.00,0.00,0,0,0.97,0,1,1,v12.19,4718154977754080839
2025-08-06,14:55:06,SETUP,BUY,M4,24131.75,24111.75,24156.75,24206.75,1,4,1,4,386,0.00,0.00,,0,0.00,0.00,0.00,0.00,0,0,0.97,0,1,0,v12.19,4718154977754080839
2025-08-07,11:01:39,SETUP,BUY,M4,24194.00,24162.75,24226.50,24271.75,1,7,0,0,-108,0.00,0.00,,0,0.00,0.00,0.00,0.00,0,0,0.97,0,1,1,v12.19,4718154977754080839
2025-08-07,11:50:08,SETUP,BUY,M5,24169.25,24137.25,24202.75,24249.25,1,4,0,0,20,0.00,0.00,,0,0.00,0.00,0.00,0.00,0,0,0.97,0,1,1,v12.19,4718154977754080839
2025-08-07,11:58:19,SETUP,BUY,M2,24196.75,24164.75,24230.00,24276.50,1,6,1,0,132,0.00,0.00,,0,0.00,0.00,0.00,0.00,0,0,0.97,0,1,1,v12.19,4718154977754080839
2025-08-07,12:40:27,SETUP,BUY,M5,24130.50,24097.75,24164.50,24212.25,1,5,2,0,286,0.00,0.00,,0,0.00,0.00,0.00,0.00,0,0,0.97,0,1,1,v12.19,4718154977754080839
2025-08-07,13:51:36,SETUP,BUY,M5,24108.00,24077.25,24140.00,24184.75,1,4,1,0,182,0.00,0.00,,0,0.00,0.00,0.00,0.00,0,0,0.97,0,1,1,v12.19,4718154977754080839
2025-08-07,14:54:30,SETUP,BUY,M5,24165.00,24137.75,24193.25,24240.00,1,4,3,0,202,0.00,0.00,,0,0.00,0.00,0.00,0.00,0,0,0.97,0,1,1,v12.19,4718154977754080839
2025-08-07,15:32:06,SETUP,BUY,M2,24227.00,24201.75,24253.25,24302.00,1,6,1,0,-102,0.00,0.00,,0,0.00,0.00,0.00,0.00,0,0,0.97,0,1,0,v12.19,4718154977754080839
2025-08-08,11:26:20,SETUP,SELL,M5,24397.50,24417.50,24372.50,24322.50,1,5,2,0,-126,0.00,0.00,,0,0.00,0.00,0.00,0.00,0,0,0.97,0,1,2,v12.19,4718154977754080839
2025-08-08,12:42:25,SETUP,SELL,M5,24396.50,24416.75,24371.50,24321.50,1,5,2,0,-58,0.00,0.00,,0,0.00,0.00,0.00,0.00,0,0,0.97,0,1,0,v12.19,4718154977754080839
2025-08-11,11:34:05,SETUP,SELL,M5,24475.50,24495.50,24450.50,24400.50,1,5,1,2,-228,0.00,0.00,,0,0.00,0.00,0.00,0.00,0,0,0.97,0,1,1,v12.19,4718154977754080839
2025-08-11,12:48:47,SETUP,SELL,M5,24407.25,24427.25,24382.25,24332.25,1,4,1,0,-58,0.00,0.00,,0,0.00,0.00,0.00,0.00,0,0,0.97,0,1,1,v12.19,4718154977754080839
2025-08-11,14:10:59,SETUP,SELL,M5,24372.50,24394.00,24347.50,24297.50,1,5,-1,0,-296,0.00,0.00,,0,0.00,0.00,0.00,0.00,0,0,0.97,0,1,0,v12.19,4718154977754080839
2025-08-11,14:59:20,SETUP,SELL,M5,24346.00,24366.00,24321.00,24271.00,1,5,-1,0,320,0.00,0.00,,0,0.00,0.00,0.00,0.00,0,0,0.97,0,1,1,v12.19,4718154977754080839
2025-08-12,10:19:00,SETUP,SELL,M4,24555.00,24578.50,24530.00,24480.00,1,4,0,0,-224,0.00,0.00,,0,0.00,0.00,0.00,0.00,0,0,0.97,0,1,0,v12.19,4718154977754080839
2025-08-12,10:26:14,SETUP,SELL,M5,24540.25,24563.75,24515.25,24465.25,1,5,0,0,-428,0.00,0.00,,0,0.00,0.00,0.00,0.00,0,0,0.97,0,1,0,v12.19,4718154977754080839
2025-08-12,11:57:25,SETUP,SELL,M5,24608.50,24628.50,24583.50,24533.50,1,5,2,0,-376,0.00,0.00,,0,0.00,0.00,0.00,0.00,0,0,0.97,0,1,0,v12.19,4718154977754080839
2025-08-12,12:46:49,SETUP,SELL,M4,24620.50,24640.50,24595.50,24545.50,1,5,0,-2,-50,0.00,0.00,,0,0.00,0.00,0.00,0.00,0,0,0.97,0,1,0,v12.19,4718154977754080839
2025-08-12,14:09:22,SETUP,SELL,M5,24619.50,24639.50,24594.50,24544.50,1,4,0,0,-142,0.00,0.00,,0,0.00,0.00,0.00,0.00,0,0,0.97,0,1,1,v12.19,4718154977754080839
2025-08-12,15:00:30,SETUP,SELL,M5,24637.25,24657.25,24612.25,24562.25,1,5,2,0,-222,0.00,0.00,,0,0.00,0.00,0.00,0.00,0,0,0.97,0,1,1,v12.19,4718154977754080839
2025-08-13,10:20:00,SETUP,BUY,M5,24645.75,24624.00,24670.75,24720.75,1,4,0,0,226,0.00,0.00,,0,0.00,0.00,0.00,0.00,0,0,0.97,0,1,1,v12.19,4718154977754080839
2025-08-13,11:19:25,SETUP,BUY,M5,24626.50,24605.50,24651.50,24701.50,1,5,0,2,-202,0.00,0.00,,0,0.00,0.00,0.00,0.00,0,0,0.97,0,1,1,v12.19,4718154977754080839
2025-08-13,12:27:21,SETUP,BUY,M5,24639.25,24617.75,24664.25,24714.25,1,4,3,0,-164,0.00,0.00,,0,0.00,0.00,0.00,0.00,0,0,0.97,0,1,2,v12.19,4718154977754080839
2025-08-13,14:57:29,SETUP,BUY,M5,24664.50,24644.50,24689.50,24739.50,1,4,3,0,558,0.00,0.00,,0,0.00,0.00,0.00,0.00,0,0,0.97,0,1,0,v12.19,4718154977754080839
2025-08-13,14:59:59,SETUP,BUY,M2,24660.75,24640.75,24685.75,24735.75,1,6,3,0,-222,0.00,0.00,,0,0.00,0.00,0.00,0.00,0,0,0.97,0,1,2,v12.19,4718154977754080839
2025-08-14,11:16:23,SETUP,BUY,M5,24589.75,24565.50,24615.00,24664.75,1,4,0,0,120,0.00,0.00,,0,0.00,0.00,0.00,0.00,0,0,0.97,0,1,0,v12.19,4718154977754080839
2025-08-14,11:27:14,SETUP,BUY,M2,24603.75,24578.75,24629.75,24678.75,1,6,1,0,116,0.00,0.00,,0,0.00,0.00,0.00,0.00,0,0,0.97,0,1,1,v12.19,4718154977754080839
2025-08-14,12:23:52,SETUP,BUY,M5,24687.00,24665.50,24712.00,24762.00,1,5,3,0,418,0.00,0.00,,0,0.00,0.00,0.00,0.00,0,0,0.97,0,1,0,v12.19,4718154977754080839
2025-08-14,13:34:34,SETUP,BUY,M5,24619.75,24599.25,24644.75,24694.75,1,6,0,2,486,0.00,0.00,,0,0.00,0.00,0.00,0.00,0,0,0.97,0,1,2,v12.19,4718154977754080839
2025-08-15,10:44:17,SETUP,BUY,M4,24466.00,24440.50,24492.50,24541.00,1,4,0,0,104,0.00,0.00,,0,0.00,0.00,0.00,0.00,0,0,0.97,0,1,0,v12.19,4718154977754080839
2025-08-15,11:10:43,SETUP,SELL,M5,24506.00,24530.75,24480.25,24431.00,1,4,-1,0,24,0.00,0.00,,0,0.00,0.00,0.00,0.00,0,0,0.97,0,1,1,v12.19,4718154977754080839
2025-08-15,13:51:03,SETUP,SELL,M5,24515.00,24537.50,24490.00,24440.00,1,6,-3,0,-268,0.00,0.00,,0,0.00,0.00,0.00,0.00,0,0,0.97,0,1,1,v12.19,4718154977754080839
2025-08-18,13:50:33,SETUP,BUY,M5,24503.75,24483.75,24528.75,24578.75,1,4,0,0,216,0.00,0.00,,0,0.00,0.00,0.00,0.00,0,0,0.97,0,1,1,v12.19,4718154977754080839
2025-08-19,10:34:03,SETUP,SELL,M5,24275.00,24300.50,24248.25,24200.00,1,6,-3,-2,-300,0.00,0.00,,0,0.00,0.00,0.00,0.00,0,0,0.97,0,1,1,v12.19,4718154977754080839
2025-08-19,11:31:28,SETUP,SELL,M5,24236.75,24261.00,24211.25,24161.75,1,4,-3,0,-132,0.00,0.00,,0,0.00,0.00,0.00,0.00,0,0,0.97,0,1,2,v12.19,4718154977754080839
2025-08-19,12:13:07,SETUP,SELL,M5,24171.75,24194.50,24146.75,24096.75,1,4,-3,0,198,0.00,0.00,,0,0.00,0.00,0.00,0.00,0,0,0.97,0,1,0,v12.19,4718154977754080839
2025-08-19,13:10:30,SETUP,SELL,M5,24193.75,24216.25,24168.75,24118.75,1,4,-1,0,-334,0.00,0.00,,0,0.00,0.00,0.00,0.00,0,0,0.97,0,1,2,v12.19,4718154977754080839
2025-08-19,14:30:41,SETUP,SELL,M5,24176.50,24196.50,24151.50,24101.50,1,6,-1,-2,-96,0.00,0.00,,0,0.00,0.00,0.00,0.00,0,0,0.97,0,1,1,v12.19,4718154977754080839
2025-08-19,14:34:30,SETUP,SELL,M4,24177.00,24197.00,24152.00,24102.00,1,5,0,-2,-66,0.00,0.00,,0,0.00,0.00,0.00,0.00,0,0,0.97,0,1,1,v12.19,4718154977754080839
2025-08-19,14:59:36,SETUP,SELL,M8,24183.25,24188.40,24172.21,24153.81,1,7,-1,-5,-124,0.00,0.00,,0,0.00,0.00,0.00,0.00,7,4,0.97,0,1,2,v12.19,4718154977754080839
2025-08-19,14:59:55,SETUP,SELL,M8,24182.00,24190.98,24171.33,24153.56,1,7,-1,-5,34,0.00,0.00,,0,0.00,0.00,0.00,0.00,7,4,0.97,0,1,3,v12.19,4718154977754080839
2025-08-19,15:21:43,SETUP,SELL,M5,24178.00,24198.00,24153.00,24103.00,1,4,0,0,170,0.00,0.00,,0,0.00,0.00,0.00,0.00,0,0,0.97,0,1,2,v12.19,4718154977754080839
2025-08-20,10:34:25,SETUP,SELL,M4,23953.75,23977.00,23928.75,23878.75,1,6,0,0,-234,0.00,0.00,,0,0.00,0.00,0.00,0.00,0,0,0.97,0,1,0,v12.19,4718154977754080839
2025-08-20,10:38:00,SETUP,SELL,M4,23937.50,23962.75,23911.00,23862.50,1,5,0,-2,-384,0.00,0.00,,0,0.00,0.00,0.00,0.00,0,0,0.97,0,1,0,v12.19,4718154977754080839
2025-08-20,10:59:27,SETUP,BUY,M5,23899.00,23872.25,23926.75,23974.00,1,4,-1,0,238,0.00,0.00,,0,0.00,0.00,0.00,0.00,0,0,0.97,0,1,1,v12.19,4718154977754080839
2025-08-20,12:36:16,SETUP,BUY,M5,24000.25,23971.50,24030.25,24075.25,1,4,0,0,-94,0.00,0.00,,0,0.00,0.00,0.00,0.00,0,0,0.97,0,1,0,v12.19,4718154977754080839
2025-08-20,13:21:33,SETUP,BUY,M5,23925.25,23897.25,23954.25,24000.25,1,6,-1,2,106,0.00,0.00,,0,0.00,0.00,0.00,0.00,0,0,0.97,0,1,2,v12.19,4718154977754080839
2025-08-20,14:59:34,SETUP,BUY,M5,24034.25,24008.75,24060.75,24109.25,1,5,0,2,54,0.00,0.00,,0,0.00,0.00,0.00,0.00,0,0,0.97,0,1,0,v12.19,4718154977754080839
2025-08-21,10:19:01,SETUP,BUY,M5,23953.00,23922.00,23985.25,24030.50,1,4,0,0,166,0.00,0.00,,0,0.00,0.00,0.00,0.00,0,0,0.97,0,1,2,v12.19,4718154977754080839
2025-08-21,11:05:36,SETUP,BUY,M5,23904.00,23874.50,23934.75,23979.00,1,5,-1,0,156,0.00,0.00,,0,0.00,0.00,0.00,0.00,0,0,0.97,0,1,0,v12.19,4718154977754080839
2025-08-21,12:04:01,SETUP,BUY,M5,23897.50,23868.00,23928.25,23972.50,1,4,-1,0,194,0.00,0.00,,0,0.00,0.00,0.00,0.00,0,0,0.97,0,1,1,v12.19,4718154977754080839
2025-08-21,13:08:13,SETUP,BUY,M5,23909.50,23884.25,23935.75,23984.50,1,5,-1,2,48,0.00,0.00,,0,0.00,0.00,0.00,0.00,0,0,0.97,0,1,2,v12.19,4718154977754080839
2025-08-21,14:27:27,SETUP,BUY,M5,23943.25,23918.25,23969.25,24018.25,1,4,1,0,-314,0.00,0.00,,0,0.00,0.00,0.00,0.00,0,0,0.97,0,1,0,v12.19,4718154977754080839
2025-08-22,11:18:17,SETUP,BUY,M5,24257.25,24227.50,24288.25,24332.25,1,5,-1,2,294,0.00,0.00,,0,0.00,0.00,0.00,0.00,0,0,0.97,0,1,1,v12.19,4718154977754080839
2025-08-22,12:20:03,SETUP,BUY,M5,24310.00,24284.50,24336.75,24385.00,1,4,1,0,372,0.00,0.00,,0,0.00,0.00,0.00,0.00,0,0,0.97,0,1,2,v12.19,4718154977754080839
2025-08-22,13:46:57,SETUP,BUY,M5,24309.50,24287.75,24334.50,24384.50,1,5,-1,2,104,0.00,0.00,,0,0.00,0.00,0.00,0.00,0,0,0.97,0,1,1,v12.19,4718154977754080839
2025-08-22,14:56:20,SETUP,BUY,M5,24269.50,24247.50,24294.50,24344.50,1,4,-1,0,54,0.00,0.00,,0,0.00,0.00,0.00,0.00,0,0,0.97,0,1,1,v12.19,4718154977754080839
2025-08-22,15:28:24,SETUP,SELL,M8,24291.75,24300.51,24278.88,24257.44,1,5,-1,-5,-136,0.00,0.00,,0,0.00,0.00,0.00,0.00,7,4,0.97,0,1,2,v12.19,4718154977754080839
2025-08-25,10:30:30,SETUP,SELL,M4,24306.25,24327.75,24281.25,24231.25,1,7,0,0,-178,0.00,0.00,,0,0.00,0.00,0.00,0.00,0,0,0.97,0,1,0,v12.19,4718154977754080839
2025-08-25,14:33:21,SETUP,BUY,M5,24260.00,24240.00,24285.00,24335.00,1,5,0,2,162,0.00,0.00,,0,0.00,0.00,0.00,0.00,0,0,0.97,0,1,0,v12.19,4718154977754080839
2025-08-25,14:45:31,SETUP,BUY,M4,24255.50,24235.50,24280.50,24330.50,1,4,0,2,-6,0.00,0.00,,0,0.00,0.00,0.00,0.00,0,0,0.97,0,1,0,v12.19,4718154977754080839
2025-08-26,13:01:16,SETUP,SELL,M5,24223.00,24243.00,24198.00,24148.00,1,4,-3,0,138,0.00,0.00,,0,0.00,0.00,0.00,0.00,0,0,0.97,0,1,2,v12.19,4718154977754080839
2025-08-26,13:29:45,SETUP,SELL,M4,24246.75,24266.75,24221.75,24171.75,1,6,0,-2,206,0.00,0.00,,0,0.00,0.00,0.00,0.00,0,0,0.97,0,1,1,v12.19,4718154977754080839
2025-08-26,14:32:18,SETUP,SELL,M5,24269.75,24289.75,24244.75,24194.75,1,6,-1,-2,-260,0.00,0.00,,0,0.00,0.00,0.00,0.00,0,0,0.97,0,1,2,v12.19,4718154977754080839
2025-08-26,14:52:48,SETUP,SELL,M4,24290.50,24310.50,24265.50,24215.50,1,6,-2,-2,-164,0.00,0.00,,0,0.00,0.00,0.00,0.00,0,0,0.97,0,1,1,v12.19,4718154977754080839
2025-08-26,15:31:43,SETUP,SELL,M5,24319.00,24339.00,24294.00,24244.00,1,4,0,-2,-31,0.00,0.00,,0,0.00,0.00,0.00,0.00,0,0,0.97,0,1,0,v12.19,4718154977754080839
2025-08-27,10:33:19,SETUP,BUY,M5,24310.75,24290.50,24335.75,24385.75,1,5,0,0,256,0.00,0.00,,0,0.00,0.00,0.00,0.00,0,0,0.97,0,1,0,v12.19,4718154977754080839
2025-08-27,11:40:13,SETUP,BUY,M5,24284.50,24263.00,24309.50,24359.50,1,4,-1,0,264,0.00,0.00,,0,0.00,0.00,0.00,0.00,0,0,0.97,0,1,1,v12.19,4718154977754080839
2025-08-27,13:14:00,SETUP,BUY,M5,24365.25,24345.25,24390.25,24440.25,1,4,1,0,142,0.00,0.00,,0,0.00,0.00,0.00,0.00,0,0,0.97,0,1,2,v12.19,4718154977754080839
2025-08-28,10:16:41,SETUP,SELL,M4,24447.25,24474.50,24418.75,24372.25,1,4,0,0,-326,0.00,0.00,,0,0.00,0.00,0.00,0.00,0,0,0.97,0,1,0,v12.19,4718154977754080839
2025-08-28,10:21:06,SETUP,SELL,M5,24417.00,24443.75,24389.00,24342.00,1,4,0,0,-162,0.00,0.00,,0,0.00,0.00,0.00,0.00,0,0,0.97,0,1,1,v12.19,4718154977754080839
2025-08-28,11:29:01,SETUP,SELL,M5,24451.25,24475.50,24426.00,24376.25,1,6,1,-2,-654,0.00,0.00,,0,0.00,0.00,0.00,0.00,0,0,0.97,0,1,1,v12.19,4718154977754080839
2025-08-28,13:08:01,SETUP,SELL,M5,24472.00,24492.00,24447.00,24397.00,1,4,0,0,-364,0.00,0.00,,0,0.00,0.00,0.00,0.00,0,0,0.97,0,1,1,v12.19,4718154977754080839
2025-08-28,14:55:00,SETUP,SELL,M5,24488.25,24508.25,24463.25,24413.25,1,4,1,0,-230,0.00,0.00,,0,0.00,0.00,0.00,0.00,0,0,0.97,0,1,1,v12.19,4718154977754080839
2025-08-29,11:10:09,SETUP,BUY,M5,24180.25,24154.00,24207.50,24255.25,1,5,-1,0,286,0.00,0.00,,0,0.00,0.00,0.00,0.00,0,0,0.97,0,1,1,v12.19,4718154977754080839
2025-08-29,12:33:38,SETUP,BUY,M5,24140.25,24115.50,24166.00,24215.25,1,6,-1,0,104,0.00,0.00,,0,0.00,0.00,0.00,0.00,0,0,0.97,0,1,1,v12.19,4718154977754080839
2025-08-29,14:38:21,SETUP,BUY,M5,24181.25,24160.00,24206.25,24256.25,1,4,-2,0,182,0.00,0.00,,0,0.00,0.00,0.00,0.00,0,0,0.97,0,1,1,v12.19,4718154977754080839
2025-08-29,14:47:45,SETUP,SELL,M4,24178.75,24200.75,24153.75,24103.75,1,4,-2,-4,-314,0.00,0.00,,0,0.00,0.00,0.00,0.00,0,0,0.97,0,1,1,v12.19,4718154977754080839
2025-08-29,15:01:27,SETUP,BUY,M5,24188.25,24165.00,24213.25,24263.25,1,5,-1,0,218,0.00,0.00,,0,0.00,0.00,0.00,0.00,0,0,0.97,0,1,1,v12.19,4718154977754080839
2025-09-02,10:18:23,SETUP,BUY,M4,23818.25,23788.75,23849.00,23893.25,1,4,0,0,230,0.00,0.00,,0,0.00,0.00,0.00,0.00,0,0,0.97,0,1,1,v12.19,4718154977754080839
2025-09-02,10:59:35,SETUP,BUY,M5,23769.25,23744.50,23795.00,23844.25,1,4,0,0,278,0.00,0.00,,0,0.00,0.00,0.00,0.00,0,0,0.97,0,1,0,v12.19,4718154977754080839
2025-09-02,11:57:44,SETUP,BUY,M5,23841.75,23817.75,23866.75,23916.75,1,4,1,0,176,0.00,0.00,,0,0.00,0.00,0.00,0.00,0,0,0.97,0,1,2,v12.19,4718154977754080839
2025-09-02,12:48:05,SETUP,BUY,M2,23933.50,23911.25,23958.50,24008.50,1,6,0,0,242,0.00,0.00,,0,0.00,0.00,0.00,0.00,0,0,0.97,0,1,0,v12.19,4718154977754080839
2025-09-02,12:51:29,SETUP,BUY,M5,23905.25,23882.00,23930.25,23980.25,1,4,0,0,-332,0.00,0.00,,0,0.00,0.00,0.00,0.00,0,0,0.97,0,1,0,v12.19,4718154977754080839
2025-09-02,14:15:21,SETUP,BUY,M5,23939.00,23913.50,23965.50,24014.00,1,5,1,-2,184,0.00,0.00,,0,0.00,0.00,0.00,0.00,0,0,0.97,0,1,0,v12.19,4718154977754080839
2025-09-02,14:59:58,SETUP,BUY,M5,23994.00,23973.00,24019.00,24069.00,1,4,-1,0,96,0.00,0.00,,0,0.00,0.00,0.00,0.00,0,0,0.97,0,1,0,v12.19,4718154977754080839
2025-09-03,10:36:57,SETUP,BUY,M5,24144.75,24122.25,24169.75,24219.75,1,4,-1,0,8,0.00,0.00,,0,0.00,0.00,0.00,0.00,0,0,0.97,0,1,2,v12.19,4718154977754080839
2025-09-03,11:56:55,SETUP,BUY,M5,24127.75,24103.75,24152.75,24202.75,1,4,-2,0,114,0.00,0.00,,0,0.00,0.00,0.00,0.00,0,0,0.97,0,1,2,v12.19,4718154977754080839
2025-09-03,12:56:22,SETUP,BUY,M5,24073.50,24048.50,24099.50,24148.50,1,5,-1,0,288,0.00,0.00,,0,0.00,0.00,0.00,0.00,0,0,0.97,0,1,0,v12.19,4718154977754080839
2025-09-03,14:14:33,SETUP,BUY,M5,24056.50,24032.00,24082.00,24131.50,1,4,-1,0,148,0.00,0.00,,0,0.00,0.00,0.00,0.00,0,0,0.97,0,1,0,v12.19,4718154977754080839
2025-09-03,14:59:45,SETUP,BUY,M5,24156.25,24136.25,24181.25,24231.25,1,4,0,0,-374,0.00,0.00,,0,0.00,0.00,0.00,0.00,0,0,0.97,0,1,0,v12.19,4718154977754080839
2025-09-04,10:28:14,SETUP,SELL,M4,24247.00,24271.00,24222.00,24172.00,1,4,0,0,-254,0.00,0.00,,0,0.00,0.00,0.00,0.00,0,0,0.97,0,1,0,v12.19,4718154977754080839
2025-09-04,10:34:01,SETUP,SELL,M5,24237.50,24261.25,24212.50,24162.50,1,5,0,0,-178,0.00,0.00,,0,0.00,0.00,0.00,0.00,0,0,0.97,0,1,0,v12.19,4718154977754080839
2025-09-04,11:50:45,SETUP,SELL,M5,24264.75,24286.25,24239.75,24189.75,1,5,1,0,-140,0.00,0.00,,0,0.00,0.00,0.00,0.00,0,0,0.97,0,1,1,v12.19,4718154977754080839
2025-09-04,12:26:10,SETUP,SELL,M4,24280.00,24301.00,24255.00,24205.00,1,6,-1,-2,-396,0.00,0.00,,0,0.00,0.00,0.00,0.00,0,0,0.97,0,1,1,v12.19,4718154977754080839
2025-09-04,13:24:20,SETUP,SELL,M5,24305.00,24325.00,24280.00,24230.00,1,5,1,0,-178,0.00,0.00,,0,0.00,0.00,0.00,0.00,0,0,0.97,0,1,0,v12.19,4718154977754080839
2025-09-04,14:50:00,SETUP,SELL,M5,24347.75,24367.75,24322.75,24272.75,1,4,-2,-2,60,0.00,0.00,,0,0.00,0.00,0.00,0.00,0,0,0.97,0,1,0,v12.19,4718154977754080839
2025-09-05,10:35:01,SETUP,BUY,M5,24356.75,24324.25,24390.50,24437.75,1,4,0,0,318,0.00,0.00,,0,0.00,0.00,0.00,0.00,0,0,0.97,0,1,1,v12.19,4718154977754080839
2025-09-05,11:23:45,SETUP,BUY,M5,24345.75,24314.00,24378.75,24424.75,1,5,-1,0,146,0.00,0.00,,0,0.00,0.00,0.00,0.00,0,0,0.97,0,1,0,v12.19,4718154977754080839
2025-09-05,12:22:58,SETUP,BUY,M5,24351.50,24320.75,24383.50,24428.00,1,4,0,-2,80,0.00,0.00,,0,0.00,0.00,0.00,0.00,0,0,0.97,0,1,2,v12.19,4718154977754080839
2025-09-05,14:06:06,SETUP,BUY,M5,24379.25,24352.50,24407.00,24454.25,1,4,1,0,514,0.00,0.00,,0,0.00,0.00,0.00,0.00,0,0,0.97,0,1,2,v12.19,4718154977754080839
2025-09-05,14:57:28,SETUP,BUY,M5,24378.50,24354.50,24403.50,24453.50,1,4,-1,0,98,0.00,0.00,,0,0.00,0.00,0.00,0.00,0,0,0.97,0,1,0,v12.19,4718154977754080839
2025-09-08,10:26:23,SETUP,BUY,M5,24583.75,24563.50,24608.75,24658.75,1,4,0,0,374,0.00,0.00,,0,0.00,0.00,0.00,0.00,0,0,0.97,0,1,2,v12.19,4718154977754080839
2025-09-08,11:52:33,SETUP,BUY,M5,24522.50,24502.00,24547.50,24597.50,1,4,-1,0,224,0.00,0.00,,0,0.00,0.00,0.00,0.00,0,0,0.97,0,1,1,v12.19,4718154977754080839
2025-09-08,13:15:08,SETUP,BUY,M5,24522.00,24501.00,24547.00,24597.00,1,4,-1,-2,398,0.00,0.00,,0,0.00,0.00,0.00,0.00,0,0,0.97,0,1,1,v12.19,4718154977754080839
2025-09-09,10:57:21,SETUP,SELL,M5,24494.75,24516.75,24469.75,24419.75,1,4,-1,0,-252,0.00,0.00,,0,0.00,0.00,0.00,0.00,0,0,0.97,0,1,1,v12.19,4718154977754080839
2025-09-09,11:16:00,SETUP,SELL,M4,24532.50,24552.75,24507.50,24457.50,1,5,0,0,-76,0.00,0.00,,0,0.00,0.00,0.00,0.00,0,0,0.97,0,1,0,v12.19,4718154977754080839
2025-09-09,12:11:48,SETUP,SELL,M5,24550.50,24570.50,24525.50,24475.50,1,4,1,0,-110,0.00,0.00,,0,0.00,0.00,0.00,0.00,0,0,0.97,0,1,0,v12.19,4718154977754080839
2025-09-09,12:51:26,SETUP,SELL,M8,24549.00,24560.23,24538.33,24520.56,1,5,0,-1,-76,0.00,0.00,,0,0.00,0.00,0.00,0.00,7,4,0.97,0,1,0,v12.19,4718154977754080839
2025-09-09,12:58:24,SETUP,SELL,M8,24554.25,24561.41,24543.73,24526.20,1,0,0,-1,80,0.00,0.00,,0,0.00,0.00,0.00,0.00,7,4,0.97,0,1,0,v12.19,4718154977754080839
2025-09-09,13:38:51,SETUP,SELL,M5,24540.75,24560.75,24515.75,24465.75,1,4,-1,0,26,0.00,0.00,,0,0.00,0.00,0.00,0.00,0,0,0.97,0,1,2,v12.19,4718154977754080839
2025-09-09,14:55:45,SETUP,SELL,M5,24593.25,24613.25,24568.25,24518.25,1,5,1,0,-104,0.00,0.00,,0,0.00,0.00,0.00,0.00,0,0,0.97,0,1,1,v12.19,4718154977754080839
2025-09-10,11:47:52,SETUP,BUY,M5,24622.50,24602.50,24647.50,24697.50,1,4,0,0,4,0.00,0.00,,0,0.00,0.00,0.00,0.00,0,0,0.97,0,1,0,v12.19,4718154977754080839
2025-09-10,13:19:52,SETUP,BUY,M5,24575.50,24555.50,24600.50,24650.50,1,4,-2,0,172,0.00,0.00,,0,0.00,0.00,0.00,0.00,0,0,0.97,0,1,0,v12.19,4718154977754080839
2025-09-10,14:17:08,SETUP,BUY,M5,24529.00,24508.25,24554.00,24604.00,1,4,-1,0,16,0.00,0.00,,0,0.00,0.00,0.00,0.00,0,0,0.97,0,1,0,v12.19,4718154977754080839
2025-09-10,14:41:03,SETUP,BUY,M2,24560.00,24537.00,24585.00,24635.00,1,7,0,-2,172,0.00,0.00,,0,0.00,0.00,0.00,0.00,0,0,0.97,0,1,2,v12.19,4718154977754080839
2025-09-11,10:21:20,SETUP,SELL,M5,24746.25,24766.25,24721.25,24671.25,1,6,0,0,-202,0.00,0.00,,0,0.00,0.00,0.00,0.00,0,0,0.97,0,1,1,v12.19,4718154977754080839
2025-09-11,10:46:30,SETUP,BUY,M4,24721.00,24701.00,24746.00,24796.00,1,4,1,0,-116,0.00,0.00,,0,0.00,0.00,0.00,0.00,0,0,0.97,0,1,1,v12.19,4718154977754080839
2025-09-11,13:01:12,SETUP,SELL,M5,24737.50,24757.50,24712.50,24662.50,1,4,2,-2,-22,0.00,0.00,,0,0.00,0.00,0.00,0.00,0,0,0.97,0,1,2,v12.19,4718154977754080839
2025-09-11,14:52:17,SETUP,SELL,M5,24737.00,24757.00,24712.00,24662.00,1,6,1,-4,-130,0.00,0.00,,0,0.00,0.00,0.00,0.00,0,0,0.97,0,1,1,v12.19,4718154977754080839
2025-09-12,11:36:01,SETUP,SELL,M5,24809.50,24829.50,24784.50,24734.50,1,4,2,0,-356,0.00,0.00,,0,0.00,0.00,0.00,0.00,0,0,0.97,0,1,0,v12.19,4718154977754080839
2025-09-12,14:12:41,SETUP,SELL,M5,24848.50,24868.50,24823.50,24773.50,1,4,1,0,-184,0.00,0.00,,0,0.00,0.00,0.00,0.00,0,0,0.97,0,1,1,v12.19,4718154977754080839
2025-09-15,11:45:05,SETUP,SELL,M5,24977.25,24999.00,24952.25,24902.25,1,5,0,0,-220,0.00,0.00,,0,0.00,0.00,0.00,0.00,0,0,0.97,0,1,0,v12.19,4718154977754080839
2025-09-16,10:50:02,SETUP,BUY,M5,24988.75,24968.50,25013.75,25063.75,1,6,0,0,84,0.00,0.00,,0,0.00,0.00,0.00,0.00,0,0,0.97,0,1,2,v12.19,4718154977754080839
2025-09-16,12:39:50,SETUP,BUY,M5,25001.50,24981.50,25026.50,25076.50,1,5,3,0,86,0.00,0.00,,0,0.00,0.00,0.00,0.00,0,0,0.97,0,1,2,v12.19,4718154977754080839
2025-09-16,14:35:03,SETUP,BUY,M2,25005.50,24985.50,25030.50,25080.50,1,8,2,2,74,0.00,0.00,,0,0.00,0.00,0.00,0.00,0,0,0.97,0,1,1,v12.19,4718154977754080839
2025-09-16,14:40:10,SETUP,BUY,M5,25003.75,24983.75,25028.75,25078.75,1,4,2,2,6,0.00,0.00,,0,0.00,0.00,0.00,0.00,0,0,0.97,0,1,1,v12.19,4718154977754080839
2025-09-17,10:23:40,SETUP,SELL,M5,24874.75,24896.00,24849.75,24799.75,1,4,0,0,-282,0.00,0.00,,0,0.00,0.00,0.00,0.00,0,0,0.97,0,1,0,v12.19,4718154977754080839
2025-09-17,11:57:01,SETUP,SELL,M5,24863.75,24884.00,24838.75,24788.75,1,4,1,0,138,0.00,0.00,,0,0.00,0.00,0.00,0.00,0,0,0.97,0,1,1,v12.19,4718154977754080839
2025-09-17,13:31:11,SETUP,SELL,M5,24835.50,24875.50,24789.50,24725.00,1,4,2,0,-344,0.00,0.00,,0,0.00,0.00,0.00,0.00,0,0,0.97,0,1,1,v12.19,4718154977754080839
2025-09-17,13:50:14,SETUP,SELL,M5,24781.25,24821.25,24731.25,24656.25,1,4,1,0,86,0.00,0.00,,0,0.00,0.00,0.00,0.00,0,0,0.97,0,1,2,v12.19,4718154977754080839
2025-09-17,14:10:53,SETUP,SELL,M5,24923.50,24963.50,24873.50,24798.50,1,4,1,0,-424,0.00,0.00,,0,0.00,0.00,0.00,0.00,0,0,0.97,0,1,2,v12.19,4718154977754080839
2025-09-17,14:40:21,SETUP,BUY,M2,24967.75,24927.75,25015.75,25082.50,1,6,2,2,118,0.00,0.00,,0,0.00,0.00,0.00,0.00,0,0,0.88,0,1,0,v12.19,4718154977754080839
2025-09-17,14:50:18,SETUP,SELL,M5,24933.50,24973.50,24886.50,24820.75,1,4,1,2,-310,0.00,0.00,,0,0.00,0.00,0.00,0.00,0,0,0.88,0,1,1,v12.19,4718154977754080839
2025-09-17,15:05:16,SETUP,SELL,M4,24972.25,25008.50,24934.50,24881.75,1,5,0,-2,-28,0.00,0.00,,0,0.00,0.00,0.00,0.00,0,0,0.88,0,1,1,v12.19,4718154977754080839
2025-09-18,10:34:26,SETUP,SELL,M5,25257.50,25281.25,25232.50,25182.50,1,4,0,0,-144,0.00,0.00,,0,0.00,0.00,0.00,0.00,0,0,0.88,0,1,2,v12.19,4718154977754080839
2025-09-18,14:27:00,SETUP,BUY,M4,25194.25,25174.25,25219.25,25269.25,1,5,1,4,352,0.00,0.00,,0,0.00,0.00,0.00,0.00,0,0,0.88,0,1,0,v12.19,4718154977754080839
2025-09-18,14:46:27,SETUP,SELL,M5,25168.25,25188.25,25143.25,25093.25,1,4,0,2,-292,0.00,0.00,,0,0.00,0.00,0.00,0.00,0,0,0.88,0,1,1,v12.19,4718154977754080839
2025-09-19,11:41:44,SETUP,SELL,M4,25289.50,25309.50,25264.50,25214.50,1,4,0,-2,122,0.00,0.00,,0,0.00,0.00,0.00,0.00,0,0,0.88,0,1,0,v12.19,4718154977754080839
2025-09-19,12:00:15,SETUP,SELL,M5,25283.50,25303.50,25258.50,25208.50,1,4,2,0,-356,0.00,0.00,,0,0.00,0.00,0.00,0.00,0,0,0.97,0,1,0,v12.19,4718154977754080839
2025-09-19,13:40:50,SETUP,SELL,M5,25286.75,25306.75,25261.75,25211.75,1,7,0,-4,-16,0.00,0.00,,0,0.00,0.00,0.00,0.00,0,0,0.97,0,1,1,v12.19,4718154977754080839
2025-09-19,14:59:28,SETUP,SELL,M5,25335.25,25355.25,25310.25,25260.25,1,4,2,0,-38,0.00,0.00,,0,0.00,0.00,0.00,0.00,0,0,0.97,0,1,0,v12.19,4718154977754080839
2025-09-22,11:21:22,SETUP,SELL,M5,25420.25,25440.25,25395.25,25345.25,1,5,2,0,-160,0.00,0.00,,0,0.00,0.00,0.00,0.00,0,0,0.97,0,1,1,v12.19,4718154977754080839
2025-09-22,12:18:06,SETUP,SELL,M5,25455.00,25475.00,25430.00,25380.00,1,4,0,0,50,0.00,0.00,,0,0.00,0.00,0.00,0.00,0,0,0.97,0,1,0,v12.19,4718154977754080839
2025-09-22,14:15:29,SETUP,SELL,M5,25484.75,25504.75,25459.75,25409.75,1,4,2,0,-56,0.00,0.00,,0,0.00,0.00,0.00,0.00,0,0,0.97,0,1,1,v12.19,4718154977754080839
2025-09-22,15:08:57,SETUP,BUY,M4,25457.75,25437.75,25482.75,25532.75,1,4,0,0,-176,0.00,0.00,,0,0.00,0.00,0.00,0.00,0,0,0.97,0,1,1,v12.19,4718154977754080839
2025-09-23,11:26:22,SETUP,SELL,M5,25399.00,25419.00,25374.00,25324.00,1,4,1,0,-218,0.00,0.00,,0,0.00,0.00,0.00,0.00,0,0,0.97,0,1,2,v12.19,4718154977754080839
2025-09-23,12:20:54,SETUP,SELL,M5,25373.00,25393.00,25348.00,25298.00,1,4,-1,0,258,0.00,0.00,,0,0.00,0.00,0.00,0.00,0,0,0.97,0,1,1,v12.19,4718154977754080839
2025-09-23,12:42:21,SETUP,SELL,M5,25264.00,25284.75,25239.00,25189.00,1,4,1,0,-100,0.00,0.00,,0,0.00,0.00,0.00,0.00,0,0,0.97,0,1,0,v12.19,4718154977754080839
2025-09-23,13:10:23,SETUP,SELL,M5,25275.50,25297.50,25250.50,25200.50,1,4,1,0,-318,0.00,0.00,,0,0.00,0.00,0.00,0.00,0,0,0.97,0,1,0,v12.19,4718154977754080839
2025-09-24,10:33:26,SETUP,SELL,M5,25237.00,25257.00,25212.00,25162.00,1,4,0,0,-222,0.00,0.00,,0,0.00,0.00,0.00,0.00,0,0,0.97,0,1,0,v12.19,4718154977754080839
2025-09-24,11:00:44,SETUP,SELL,M5,25145.00,25165.25,25120.00,25070.00,1,4,1,0,-50,0.00,0.00,,0,0.00,0.00,0.00,0.00,0,0,0.97,0,1,0,v12.19,4718154977754080839
2025-09-24,11:43:48,SETUP,SELL,M5,25152.25,25173.25,25127.25,25077.25,1,5,2,-2,-338,0.00,0.00,,0,0.00,0.00,0.00,0.00,0,0,0.97,0,1,1,v12.19,4718154977754080839
2025-09-24,12:37:47,SETUP,SELL,M5,25197.50,25217.50,25172.50,25122.50,1,4,2,0,-254,0.00,0.00,,0,0.00,0.00,0.00,0.00,0,0,0.97,0,1,0,v12.19,4718154977754080839
2025-09-24,13:44:31,SETUP,SELL,M5,25177.25,25197.25,25152.25,25102.25,1,5,1,0,-258,0.00,0.00,,0,0.00,0.00,0.00,0.00,0,0,0.97,0,1,2,v12.19,4718154977754080839
2025-09-25,11:08:29,SETUP,SELL,M5,25143.00,25166.00,25118.00,25068.00,1,4,1,0,-104,0.00,0.00,,0,0.00,0.00,0.00,0.00,0,0,0.97,0,1,1,v12.19,4718154977754080839
2025-09-25,12:14:12,SETUP,SELL,M5,25076.75,25104.25,25048.25,25001.75,1,7,1,-2,-152,0.00,0.00,,0,0.00,0.00,0.00,0.00,0,0,0.97,0,1,1,v12.19,4718154977754080839
2025-09-25,13:01:33,SETUP,SELL,M5,24940.50,24967.25,24912.50,24865.50,1,4,-1,0,-322,0.00,0.00,,0,0.00,0.00,0.00,0.00,0,0,0.97,0,1,0,v12.19,4718154977754080839
2025-09-25,13:41:50,SETUP,SELL,M5,25088.50,25113.75,25062.25,25013.50,1,5,2,0,-332,0.00,0.00,,0,0.00,0.00,0.00,0.00,0,0,0.97,0,1,1,v12.19,4718154977754080839
2025-09-25,14:49:47,SETUP,SELL,M5,25079.50,25101.50,25054.50,25004.50,1,4,1,0,284,0.00,0.00,,0,0.00,0.00,0.00,0.00,0,0,0.97,0,1,1,v12.19,4718154977754080839
2025-09-26,10:35:02,SETUP,SELL,M5,25068.25,25097.75,25037.50,24993.25,1,4,2,0,-172,0.00,0.00,,0,0.00,0.00,0.00,0.00,0,0,0.97,0,1,1,v12.19,4718154977754080839
2025-09-26,11:44:18,SETUP,SELL,M5,25131.25,25160.25,25101.00,25056.25,1,4,1,0,-216,0.00,0.00,,0,0.00,0.00,0.00,0.00,0,0,0.97,0,1,0,v12.19,4718154977754080839
2025-09-26,13:04:00,SETUP,SELL,M5,25150.25,25176.25,25123.25,25075.25,1,5,0,-2,-274,0.00,0.00,,0,0.00,0.00,0.00,0.00,0,0,0.97,0,1,1,v12.19,4718154977754080839
2025-09-26,14:40:32,SETUP,SELL,M5,25180.50,25203.50,25155.50,25105.50,1,4,2,0,-176,0.00,0.00,,0,0.00,0.00,0.00,0.00,0,0,0.97,0,1,1,v12.19,4718154977754080839
2025-09-29,10:53:47,SETUP,BUY,M5,25302.50,25281.50,25327.50,25377.50,1,4,-1,0,14,0.00,0.00,,0,0.00,0.00,0.00,0.00,0,0,0.97,0,1,0,v12.19,4718154977754080839
2025-09-29,11:57:11,SETUP,BUY,M5,25298.00,25277.25,25323.00,25373.00,1,5,-1,0,134,0.00,0.00,,0,0.00,0.00,0.00,0.00,0,0,0.97,0,1,0,v12.19,4718154977754080839
2025-09-29,13:07:14,SETUP,BUY,M5,25318.00,25298.00,25343.00,25393.00,1,5,2,0,84,0.00,0.00,,0,0.00,0.00,0.00,0.00,0,0,0.97,0,1,2,v12.19,4718154977754080839
2025-09-29,14:17:06,SETUP,BUY,M5,25263.50,25243.50,25288.50,25338.50,1,6,-1,0,218,0.00,0.00,,0,0.00,0.00,0.00,0.00,0,0,0.97,0,1,2,v12.19,4718154977754080839
2025-09-29,14:58:02,SETUP,BUY,M2,25299.75,25279.75,25324.75,25374.75,1,6,3,0,480,0.00,0.00,,0,0.00,0.00,0.00,0.00,0,0,0.97,0,1,2,v12.19,4718154977754080839
2025-09-29,14:59:45,SETUP,BUY,M5,25308.00,25288.00,25333.00,25383.00,1,5,3,0,-120,0.00,0.00,,0,0.00,0.00,0.00,0.00,0,0,0.97,0,1,2,v12.19,4718154977754080839
2025-09-29,15:51:21,SETUP,BUY,M4,25284.75,25264.75,25309.75,25359.75,1,5,0,2,-26,0.00,0.00,,0,0.00,0.00,0.00,0.00,0,0,0.97,0,1,1,v12.19,4718154977754080839
2025-09-30,10:38:33,SETUP,SELL,M5,25235.50,25262.50,25207.50,25160.50,1,4,1,0,-358,0.00,0.00,,0,0.00,0.00,0.00,0.00,0,0,0.97,0,1,2,v12.19,4718154977754080839
2025-09-30,11:56:20,SETUP,SELL,M5,25252.75,25280.25,25224.25,25177.75,1,4,-1,2,-454,0.00,0.00,,0,0.00,0.00,0.00,0.00,0,0,0.97,0,1,1,v12.19,4718154977754080839
2025-09-30,15:00:10,SETUP,SELL,M5,25349.75,25369.75,25324.75,25274.75,1,4,2,2,-78,0.00,0.00,,0,0.00,0.00,0.00,0.00,0,0,0.97,0,1,1,v12.19,4718154977754080839
2025-10-01,14:59:50,SETUP,SELL,M5,25480.50,25500.50,25455.50,25405.50,1,4,2,0,-464,0.00,0.00,,0,0.00,0.00,0.00,0.00,0,0,0.97,0,1,2,v12.19,4718154977754080839
2025-10-02,10:38:22,SETUP,BUY,M5,25499.00,25473.25,25526.00,25574.00,1,4,1,0,366,0.00,0.00,,0,0.00,0.00,0.00,0.00,0,0,0.97,0,1,1,v12.19,4718154977754080839
2025-10-02,11:41:34,SETUP,BUY,M5,25526.50,25502.25,25551.75,25601.50,1,5,0,0,116,0.00,0.00,,0,0.00,0.00,0.00,0.00,0,0,0.97,0,1,0,v12.19,4718154977754080839
2025-10-02,13:14:09,SETUP,BUY,M5,25576.00,25556.00,25601.00,25651.00,1,4,1,-4,140,0.00,0.00,,0,0.00,0.00,0.00,0.00,0,0,0.97,0,1,0,v12.19,4718154977754080839
2025-10-02,14:55:07,SETUP,BUY,M5,25570.25,25550.25,25595.25,25645.25,1,5,-1,0,176,0.00,0.00,,0,0.00,0.00,0.00,0.00,0,0,0.97,0,1,1,v12.19,4718154977754080839
2025-10-03,10:23:23,SETUP,SELL,M4,25607.25,25630.25,25582.25,25532.25,1,4,0,0,-150,0.00,0.00,,0,0.00,0.00,0.00,0.00,0,0,0.97,0,1,0,v12.19,4718154977754080839
2025-10-03,12:11:03,SETUP,BUY,M5,25559.25,25535.00,25584.50,25634.25,1,4,1,-2,308,0.00,0.00,,0,0.00,0.00,0.00,0.00,0,0,0.97,0,1,2,v12.19,4718154977754080839
2025-10-03,12:53:57,SETUP,BUY,M5,25420.25,25393.25,25448.50,25495.25,1,5,1,0,176,0.00,0.00,,0,0.00,0.00,0.00,0.00,0,0,0.97,0,1,0,v12.19,4718154977754080839
2025-10-03,14:41:38,SETUP,BUY,M5,25481.50,25457.25,25506.75,25556.50,1,4,1,-2,-192,0.00,0.00,,0,0.00,0.00,0.00,0.00,0,0,0.97,0,1,1,v12.19,4718154977754080839
2025-10-06,11:04:54,SETUP,SELL,M5,25660.25,25681.25,25635.25,25585.25,1,4,0,0,-204,0.00,0.00,,0,0.00,0.00,0.00,0.00,0,0,0.97,0,1,2,v12.19,4718154977754080839
2025-10-06,12:41:53,SETUP,SELL,M5,25681.25,25701.25,25656.25,25606.25,1,4,2,0,-286,0.00,0.00,,0,0.00,0.00,0.00,0.00,0,0,0.97,0,1,0,v12.19,4718154977754080839
2025-10-06,13:04:07,SETUP,SELL,M4,25693.75,25713.75,25668.75,25618.75,1,6,0,-4,-178,0.00,0.00,,0,0.00,0.00,0.00,0.00,0,0,0.97,0,1,0,v12.19,4718154977754080839
2025-10-06,14:20:48,SETUP,SELL,M5,25691.75,25711.75,25666.75,25616.75,1,4,1,0,-190,0.00,0.00,,0,0.00,0.00,0.00,0.00,0,0,0.97,0,1,1,v12.19,4718154977754080839
2025-10-06,15:02:36,SETUP,SELL,M5,25649.75,25669.75,25624.75,25574.75,1,4,2,0,-102,0.00,0.00,,0,0.00,0.00,0.00,0.00,0,0,0.97,0,1,1,v12.19,4718154977754080839
2025-10-07,10:47:34,SETUP,SELL,M5,25463.00,25491.50,25433.25,25388.00,1,4,1,0,-354,0.00,0.00,,0,0.00,0.00,0.00,0.00,0,0,0.97,0,1,0,v12.19,4718154977754080839
2025-10-07,10:48:21,SETUP,BUY,M4,25472.75,25444.75,25501.75,25547.75,1,4,1,2,122,0.00,0.00,,0,0.00,0.00,0.00,0.00,0,0,0.97,0,1,1,v12.19,4718154977754080839
2025-10-07,10:51:06,SETUP,BUY,M4,25483.00,25454.00,25513.25,25558.00,1,4,1,2,248,0.00,0.00,,0,0.00,0.00,0.00,0.00,0,0,0.97,0,1,1,v12.19,4718154977754080839
2025-10-07,11:20:15,SETUP,SELL,M5,25484.50,25514.25,25453.50,25409.50,1,4,0,0,150,0.00,0.00,,0,0.00,0.00,0.00,0.00,0,0,0.97,0,1,0,v12.19,4718154977754080839
2025-10-07,12:05:17,SETUP,SELL,M5,25517.50,25545.25,25488.50,25442.50,1,4,2,0,52,0.00,0.00,,0,0.00,0.00,0.00,0.00,0,0,0.97,0,1,1,v12.19,4718154977754080839
2025-10-07,13:13:26,SETUP,SELL,M5,25507.25,25533.75,25479.75,25432.25,1,5,1,0,-320,0.00,0.00,,0,0.00,0.00,0.00,0.00,0,0,0.97,0,1,2,v12.19,4718154977754080839
2025-10-07,15:00:01,SETUP,SELL,M5,25525.50,25545.50,25500.50,25450.50,1,4,1,0,-336,0.00,0.00,,0,0.00,0.00,0.00,0.00,0,0,0.97,0,1,1,v12.19,4718154977754080839
2025-10-08,11:46:23,SETUP,SELL,M5,25706.50,25726.50,25681.50,25631.50,1,4,0,0,-360,0.00,0.00,,0,0.00,0.00,0.00,0.00,0,0,0.97,0,1,1,v12.19,4718154977754080839
2025-10-08,13:25:26,SETUP,SELL,M5,25754.25,25774.25,25729.25,25679.25,1,4,2,0,-104,0.00,0.00,,0,0.00,0.00,0.00,0.00,0,0,0.97,0,1,1,v12.19,4718154977754080839
2025-10-08,14:59:56,SETUP,SELL,M5,25800.00,25820.00,25775.00,25725.00,1,4,1,0,-108,0.00,0.00,,0,0.00,0.00,0.00,0.00,0,0,0.97,0,1,0,v12.19,4718154977754080839
2025-10-09,12:30:23,SETUP,BUY,M5,25642.75,25617.00,25669.50,25717.75,1,5,1,0,204,0.00,0.00,,0,0.00,0.00,0.00,0.00,0,0,0.97,0,1,0,v12.19,4718154977754080839
2025-10-09,13:41:10,SETUP,BUY,M5,25695.50,25672.00,25720.50,25770.50,1,5,1,0,154,0.00,0.00,,0,0.00,0.00,0.00,0.00,0,0,0.97,0,1,2,v12.19,4718154977754080839
2025-10-09,14:59:59,SETUP,BUY,M5,25763.25,25743.25,25788.25,25838.25,1,4,0,-4,106,0.00,0.00,,0,0.00,0.00,0.00,0.00,0,0,0.97,0,1,0,v12.19,4718154977754080839
2025-10-09,15:17:56,SETUP,BUY,M4,25749.50,25729.50,25774.50,25824.50,1,5,0,0,126,0.00,0.00,,0,0.00,0.00,0.00,0.00,0,0,0.97,0,1,0,v12.19,4718154977754080839
2025-10-10,10:19:37,SETUP,BUY,M5,25412.00,25372.00,25462.00,25537.00,1,5,-2,0,168,0.00,0.00,,0,0.00,0.00,0.00,0.00,0,0,0.97,0,1,0,v12.19,4718154977754080839
2025-10-10,10:26:14,SETUP,BUY,M4,25316.75,25276.75,25366.75,25441.75,1,4,0,0,132,0.00,0.00,,0,0.00,0.00,0.00,0.00,0,0,0.88,0,1,0,v12.19,4718154977754080839
2025-10-10,10:30:26,SETUP,BUY,M5,25226.75,25186.75,25276.75,25351.75,1,4,0,0,40,0.00,0.00,,0,0.00,0.00,0.00,0.00,0,0,0.88,0,1,0,v12.19,4718154977754080839
2025-10-10,10:34:41,SETUP,BUY,M2,25230.50,25190.50,25280.50,25355.50,1,6,0,0,186,0.00,0.00,,0,0.00,0.00,0.00,0.00,0,0,0.88,0,1,0,v12.19,4718154977754080839
2025-10-10,10:41:57,SETUP,BUY,M5,25250.50,25210.50,25300.50,25375.50,1,5,-1,-2,120,0.00,0.00,,0,0.00,0.00,0.00,0.00,0,0,0.88,0,1,1,v12.19,4718154977754080839
2025-10-10,10:57:48,SETUP,BUY,M5,25294.75,25254.75,25344.75,25419.75,1,5,0,0,322,0.00,0.00,,0,0.00,0.00,0.00,0.00,0,0,0.88,0,1,1,v12.19,4718154977754080839
2025-10-10,11:18:10,SETUP,BUY,M4,25254.50,25214.50,25304.50,25379.50,1,6,1,2,112,0.00,0.00,,0,0.00,0.00,0.00,0.00,0,0,0.88,0,1,1,v12.19,4718154977754080839
2025-10-10,11:19:40,SETUP,BUY,M5,25228.75,25188.75,25278.75,25353.75,1,6,0,2,-122,0.00,0.00,,0,0.00,0.00,0.00,0.00,0,0,0.88,0,1,0,v12.19,4718154977754080839
2025-10-10,11:43:48,SETUP,BUY,M4,25206.00,25166.00,25254.25,25321.50,1,6,0,4,256,0.00,0.00,,0,0.00,0.00,0.00,0.00,0,0,0.88,0,1,0,v12.19,4718154977754080839
2025-10-10,11:45:33,SETUP,BUY,M4,25216.25,25176.25,25263.75,25330.00,1,8,1,4,72,0.00,0.00,,0,0.00,0.00,0.00,0.00,0,0,0.88,0,1,1,v12.19,4718154977754080839
2025-10-10,11:48:15,SETUP,BUY,M5,25169.00,25129.00,25216.00,25281.50,1,4,-2,2,10,0.00,0.00,,0,0.00,0.00,0.00,0.00,0,0,0.88,0,1,0,v12.19,4718154977754080839
2025-10-10,12:00:02,SETUP,BUY,M4,25122.50,25082.50,25166.75,25228.75,1,7,1,2,70,0.00,0.00,,0,0.00,0.00,0.00,0.00,0,0,0.88,0,1,0,v12.19,4718154977754080839
2025-10-10,12:03:25,SETUP,BUY,M4,25095.00,25055.00,25138.00,25198.00,1,5,0,2,70,0.00,0.00,,0,0.00,0.00,0.00,0.00,0,0,0.88,0,1,0,v12.19,4718154977754080839
2025-10-10,12:16:53,SETUP,BUY,M5,25115.25,25075.25,25159.50,25221.00,1,4,1,0,-124,0.00,0.00,,0,0.00,0.00,0.00,0.00,0,0,0.88,0,1,0,v12.19,4718154977754080839
2025-10-10,12:47:03,SETUP,BUY,M5,25160.75,25120.75,25202.50,25260.50,1,4,1,2,32,0.00,0.00,,0,0.00,0.00,0.00,0.00,0,0,0.88,0,1,2,v12.19,4718154977754080839
2025-10-10,13:37:17,SETUP,BUY,M4,25120.00,25080.00,25162.50,25221.50,1,6,0,4,126,0.00,0.00,,0,0.00,0.00,0.00,0.00,0,0,0.88,0,1,1,v12.19,4718154977754080839
2025-10-10,13:49:22,SETUP,BUY,M4,25085.25,25045.75,25126.25,25183.50,1,6,0,4,496,0.00,0.00,,0,0.00,0.00,0.00,0.00,0,0,0.88,0,1,0,v12.19,4718154977754080839
2025-10-10,13:54:17,SETUP,BUY,M4,25062.50,25024.75,25101.75,25156.75,1,7,1,4,392,0.00,0.00,,0,0.00,0.00,0.00,0.00,0,0,0.88,0,1,0,v12.19,4718154977754080839
2025-10-10,14:08:27,SETUP,BUY,M5,25050.75,25013.00,25090.25,25145.25,1,6,0,4,-408,0.00,0.00,,0,0.00,0.00,0.00,0.00,0,0,0.88,0,1,0,v12.19,4718154977754080839
2025-10-10,14:41:05,SETUP,BUY,M5,24971.75,24938.00,25006.75,25055.75,1,4,0,0,174,0.00,0.00,,0,0.00,0.00,0.00,0.00,0,0,0.88,0,1,0,v12.19,4718154977754080839
2025-10-10,14:59:37,SETUP,BUY,M5,24862.00,24830.00,24895.50,24942.00,1,4,1,0,410,0.00,0.00,,0,0.00,0.00,0.00,0.00,0,0,0.88,0,1,0,v12.19,4718154977754080839
2025-10-13,10:39:53,SETUP,SELL,M5,25324.75,25355.50,25292.75,25248.25,1,5,-1,0,-204,0.00,0.00,,0,0.00,0.00,0.00,0.00,0,0,0.88,0,1,2,v12.19,4718154977754080839
2025-10-13,11:02:08,SETUP,SELL,M4,25356.75,25386.50,25325.75,25281.75,1,6,-2,-2,-206,0.00,0.00,,0,0.00,0.00,0.00,0.00,0,0,0.88,0,1,1,v12.19,4718154977754080839
2025-10-13,11:18:05,SETUP,SELL,M4,25365.50,25394.25,25335.50,25290.50,1,6,0,-4,-370,0.00,0.00,,0,0.00,0.00,0.00,0.00,0,0,0.88,0,1,0,v12.19,4718154977754080839
2025-10-13,11:24:11,SETUP,SELL,M4,25372.50,25404.50,25339.00,25292.50,1,5,0,-4,-84,0.00,0.00,,0,0.00,0.00,0.00,0.00,0,0,0.88,0,1,0,v12.19,4718154977754080839
2025-10-13,11:37:05,SETUP,SELL,M5,25364.25,25394.25,25333.00,25289.25,1,4,-2,0,-232,0.00,0.00,,0,0.00,0.00,0.00,0.00,0,0,0.88,0,1,0,v12.19,4718154977754080839
2025-10-13,13:12:08,SETUP,SELL,M5,25399.75,25425.25,25373.25,25324.75,1,5,0,0,-66,0.00,0.00,,0,0.00,0.00,0.00,0.00,0,0,0.97,0,1,2,v12.19,4718154977754080839
2025-10-13,14:25:52,SETUP,SELL,M5,25379.25,25405.00,25352.25,25304.25,1,4,0,0,-112,0.00,0.00,,0,0.00,0.00,0.00,0.00,0,0,0.97,0,1,1,v12.19,4718154977754080839
2025-10-13,15:03:12,SETUP,BUY,M4,25378.50,25358.50,25403.50,25453.50,1,5,0,4,166,0.00,0.00,,0,0.00,0.00,0.00,0.00,0,0,0.97,0,1,1,v12.19,4718154977754080839
2025-10-14,10:19:24,SETUP,BUY,M5,25185.50,25152.00,25220.25,25268.75,1,5,0,0,222,0.00,0.00,,0,0.00,0.00,0.00,0.00,0,0,0.97,0,1,0,v12.19,4718154977754080839
2025-10-14,11:07:24,SETUP,BUY,M5,25240.50,25207.00,25275.25,25324.00,1,4,-1,0,186,0.00,0.00,,0,0.00,0.00,0.00,0.00,0,0,0.97,0,1,1,v12.19,4718154977754080839
2025-10-14,11:13:44,SETUP,BUY,M2,25271.50,25238.50,25306.00,25354.00,1,6,0,0,198,0.00,0.00,,0,0.00,0.00,0.00,0.00,0,0,0.97,0,1,0,v12.19,4718154977754080839
2025-10-14,11:20:12,SETUP,BUY,M2,25334.25,25300.00,25370.00,25419.75,1,6,2,0,132,0.00,0.00,,0,0.00,0.00,0.00,0.00,0,0,0.97,0,1,0,v12.19,4718154977754080839
2025-10-14,11:52:53,SETUP,BUY,M5,25389.00,25360.50,25418.75,25464.00,1,4,1,0,-112,0.00,0.00,,0,0.00,0.00,0.00,0.00,0,0,0.97,0,1,0,v12.19,4718154977754080839
2025-10-14,12:01:55,SETUP,BUY,M4,25357.75,25327.75,25389.00,25432.75,1,6,1,2,302,0.00,0.00,,0,0.00,0.00,0.00,0.00,0,0,0.97,0,1,1,v12.19,4718154977754080839
2025-10-14,12:47:09,SETUP,BUY,M5,25387.25,25357.75,25418.00,25462.25,1,5,0,-2,-100,0.00,0.00,,0,0.00,0.00,0.00,0.00,0,0,0.97,0,1,1,v12.19,4718154977754080839
2025-10-14,14:19:02,SETUP,BUY,M5,25391.75,25362.00,25422.75,25466.75,1,4,2,0,300,0.00,0.00,,0,0.00,0.00,0.00,0.00,0,0,0.97,0,1,1,v12.19,4718154977754080839
2025-10-14,14:45:35,SETUP,BUY,M2,25219.00,25179.00,25264.50,25328.00,1,7,0,4,396,0.00,0.00,,0,0.00,0.00,0.00,0.00,0,0,0.97,0,1,0,v12.19,4718154977754080839
2025-10-14,14:50:00,SETUP,BUY,M5,25180.00,25140.00,25227.75,25294.25,1,5,-2,0,-114,0.00,0.00,,0,0.00,0.00,0.00,0.00,0,0,0.97,0,1,0,v12.19,4718154977754080839
2025-10-14,15:09:16,SETUP,BUY,M4,25194.75,25155.25,25236.00,25293.50,1,6,0,2,188,0.00,0.00,,0,0.00,0.00,0.00,0.00,0,0,0.88,0,1,0,v12.19,4718154977754080839
2025-10-14,15:53:32,SETUP,BUY,M5,25224.75,25186.00,25265.00,25321.25,1,5,0,0,-26,0.00,0.00,,0,0.00,0.00,0.00,0.00,0,0,0.88,0,1,1,v12.19,4718154977754080839
2025-10-15,10:40:46,SETUP,SELL,M5,25425.50,25456.25,25393.50,25348.50,1,6,-1,0,-348,0.00,0.00,,0,0.00,0.00,0.00,0.00,0,0,0.97,0,1,0,v12.19,4718154977754080839
2025-10-15,10:43:22,SETUP,BUY,M4,25427.75,25396.75,25460.00,25505.00,1,5,1,0,132,0.00,0.00,,0,0.00,0.00,0.00,0.00,0,0,0.97,0,1,0,v12.19,4718154977754080839
2025-10-15,11:08:02,SETUP,SELL,M5,25428.00,25463.50,25391.00,25339.25,1,6,1,-2,-74,0.00,0.00,,0,0.00,0.00,0.00,0.00,0,0,0.97,0,1,1,v12.19,4718154977754080839
2025-10-15,11:13:38,SETUP,SELL,M2,25406.50,25441.75,25369.75,25318.50,1,6,-1,0,-20,0.00,0.00,,0,0.00,0.00,0.00,0.00,0,0,0.97,0,1,0,v12.19,4718154977754080839
2025-10-15,12:00:14,SETUP,SELL,M5,25316.25,25354.00,25277.00,25222.00,1,4,-2,0,-102,0.00,0.00,,0,0.00,0.00,0.00,0.00,0,0,0.97,0,1,0,v12.19,4718154977754080839
2025-10-15,12:11:56,SETUP,BUY,M4,25212.50,25173.75,25252.75,25309.00,1,6,0,2,318,0.00,0.00,,0,0.00,0.00,0.00,0.00,0,0,0.97,0,1,0,v12.19,4718154977754080839
2025-10-15,12:19:06,SETUP,SELL,M2,25187.00,25227.00,25144.50,25085.00,1,7,0,0,-184,0.00,0.00,,0,0.00,0.00,0.00,0.00,0,0,0.97,0,1,0,v12.19,4718154977754080839
2025-10-15,12:21:49,SETUP,SELL,M5,25215.25,25255.25,25170.75,25108.25,1,4,1,0,-290,0.00,0.00,,0,0.00,0.00,0.00,0.00,0,0,0.97,0,1,1,v12.19,4718154977754080839
2025-10-15,12:59:03,SETUP,SELL,M5,25364.25,25401.50,25325.50,25271.50,1,7,-1,-4,-20,0.00,0.00,,0,0.00,0.00,0.00,0.00,0,0,0.97,0,1,2,v12.19,4718154977754080839
2025-10-15,14:07:37,SETUP,SELL,M5,25375.50,25407.75,25342.00,25295.00,1,4,1,0,-166,0.00,0.00,,0,0.00,0.00,0.00,0.00,0,0,0.97,0,1,0,v12.19,4718154977754080839
2025-10-15,14:59:50,SETUP,SELL,M5,25394.75,25423.00,25365.25,25319.75,1,5,1,0,-154,0.00,0.00,,0,0.00,0.00,0.00,0.00,0,0,0.97,0,1,2,v12.19,4718154977754080839
2025-10-15,15:00:32,SETUP,SELL,M8,25424.00,25440.07,25406.17,25376.46,1,5,3,-1,-10,0.00,0.00,,0,0.00,0.00,0.00,0.00,7,4,0.97,0,1,1,v12.19,4718154977754080839
2025-10-15,15:01:59,SETUP,SELL,M8,25406.75,25436.79,25388.98,25359.36,1,8,3,-3,-534,0.00,0.00,,0,0.00,0.00,0.00,0.00,9,4,0.97,0,1,2,v12.19,4718154977754080839
2025-10-16,10:31:16,SETUP,BUY,M5,25503.50,25468.25,25540.25,25591.25,1,4,-1,0,324,0.00,0.00,,0,0.00,0.00,0.00,0.00,0,0,0.97,0,1,1,v12.19,4718154977754080839
2025-10-16,10:46:11,SETUP,BUY,M4,25459.75,25422.25,25499.00,25553.50,1,6,1,2,278,0.00,0.00,,0,0.00,0.00,0.00,0.00,0,0,0.97,0,1,0,v12.19,4718154977754080839
2025-10-16,10:49:29,SETUP,BUY,M4,25463.50,25423.50,25505.00,25563.00,1,7,2,2,398,0.00,0.00,,0,0.00,0.00,0.00,0.00,0,0,0.97,0,1,0,v12.19,4718154977754080839
2025-10-16,10:57:26,SETUP,BUY,M2,25429.25,25389.25,25471.00,25529.00,1,7,2,4,120,0.00,0.00,,0,0.00,0.00,0.00,0.00,0,0,0.97,0,1,0,v12.19,4718154977754080839
2025-10-16,10:59:35,SETUP,BUY,M5,25411.50,25371.50,25453.25,25511.50,1,7,1,4,-132,0.00,0.00,,0,0.00,0.00,0.00,0.00,0,0,0.97,0,1,0,v12.19,4718154977754080839
2025-10-16,11:02:55,SETUP,BUY,M4,25436.75,25396.75,25478.50,25536.75,1,7,2,4,90,0.00,0.00,,0,0.00,0.00,0.00,0.00,0,0,0.97,0,1,0,v12.19,4718154977754080839
2025-10-16,11:26:59,SETUP,BUY,M5,25349.00,25309.00,25390.75,25449.00,1,4,-2,0,142,0.00,0.00,,0,0.00,0.00,0.00,0.00,0,0,0.97,0,1,0,v12.19,4718154977754080839
2025-10-16,11:32:52,SETUP,BUY,M4,25258.75,25218.75,25304.50,25368.25,1,5,0,0,196,0.00,0.00,,0,0.00,0.00,0.00,0.00,0,0,0.97,0,1,0,v12.19,4718154977754080839
2025-10-16,11:33:55,SETUP,BUY,M4,25271.25,25231.25,25318.50,25384.75,1,4,0,0,160,0.00,0.00,,0,0.00,0.00,0.00,0.00,0,0,0.97,0,1,0,v12.19,4718154977754080839
2025-10-16,11:49:09,SETUP,BUY,M5,25301.50,25261.50,25351.50,25425.75,1,6,-1,-2,262,0.00,0.00,,0,0.00,0.00,0.00,0.00,0,0,0.97,0,1,1,v12.19,4718154977754080839
2025-10-16,11:51:27,SETUP,BUY,M2,25307.50,25267.50,25357.00,25426.00,1,7,1,0,-54,0.00,0.00,,0,0.00,0.00,0.00,0.00,0,0,0.88,0,1,1,v12.19,4718154977754080839
2025-10-16,12:13:36,SETUP,BUY,M5,25369.00,25329.00,25418.50,25487.75,1,4,2,0,-56,0.00,0.00,,0,0.00,0.00,0.00,0.00,0,0,0.88,0,1,1,v12.19,4718154977754080839
2025-10-16,12:16:32,SETUP,BUY,M2,25417.00,25377.00,25467.00,25539.00,1,6,2,0,316,0.00,0.00,,0,0.00,0.00,0.00,0.00,0,0,0.88,0,1,0,v12.19,4718154977754080839
2025-10-16,12:28:10,SETUP,BUY,M2,25416.75,25376.75,25466.75,25541.75,1,6,2,0,512,0.00,0.00,,0,0.00,0.00,0.00,0.00,0,0,0.88,0,1,0,v12.19,4718154977754080839
2025-10-16,12:41:47,SETUP,BUY,M4,25343.25,25303.25,25393.25,25467.50,1,6,1,2,206,0.00,0.00,,0,0.00,0.00,0.00,0.00,0,0,0.88,0,1,1,v12.19,4718154977754080839
2025-10-16,13:35:01,SETUP,BUY,M5,25173.50,25133.50,25223.50,25294.00,1,5,-1,0,248,0.00,0.00,,0,0.00,0.00,0.00,0.00,0,0,0.88,0,1,0,v12.19,4718154977754080839
2025-10-16,14:59:00,SETUP,BUY,M5,25297.25,25257.25,25341.50,25403.50,1,4,2,0,0,0.00,0.00,,0,0.00,0.00,0.00,0.00,0,0,0.88,0,1,0,v12.19,4718154977754080839
2025-10-17,10:38:07,SETUP,BUY,M5,25200.50,25160.50,25250.50,25320.25,1,5,0,0,434,0.00,0.00,,0,0.00,0.00,0.00,0.00,0,0,0.88,0,1,1,v12.19,4718154977754080839
2025-10-17,11:10:26,SETUP,SELL,M8,25379.50,25405.66,25355.06,25314.32,1,5,1,-5,-250,0.00,0.00,,0,0.00,0.00,0.00,0.00,7,4,0.88,0,1,1,v12.19,4718154977754080839
2025-10-17,11:35:08,SETUP,BUY,M2,25424.75,25386.50,25464.75,25520.50,1,6,2,0,136,0.00,0.00,,0,0.00,0.00,0.00,0.00,0,0,0.97,0,1,0,v12.19,4718154977754080839
2025-10-17,11:45:11,SETUP,BUY,M4,25390.50,25352.00,25430.75,25486.75,1,7,1,2,204,0.00,0.00,,0,0.00,0.00,0.00,0.00,0,0,0.97,0,1,0,v12.19,4718154977754080839
2025-10-17,11:53:22,SETUP,BUY,M5,25343.00,25303.00,25387.75,25450.25,1,4,-1,0,-200,0.00,0.00,,0,0.00,0.00,0.00,0.00,0,0,0.97,0,1,1,v12.19,4718154977754080839
2025-10-17,14:06:11,SETUP,BUY,M5,25495.50,25459.00,25533.50,25586.50,1,4,0,-2,84,0.00,0.00,,0,0.00,0.00,0.00,0.00,0,0,0.97,0,1,0,v12.19,4718154977754080839
2025-10-17,15:09:26,SETUP,BUY,M5,25497.50,25467.75,25528.50,25572.50,1,4,1,-2,440,0.00,0.00,,0,0.00,0.00,0.00,0.00,0,0,0.97,0,1,1,v12.19,4718154977754080839
2025-10-20,10:22:23,SETUP,SELL,M4,25782.00,25803.25,25757.00,25707.00,1,4,0,0,18,0.00,0.00,,0,0.00,0.00,0.00,0.00,0,0,0.97,0,1,0,v12.19,4718154977754080839
2025-10-20,10:53:33,SETUP,SELL,M5,25766.75,25792.00,25740.50,25691.75,1,5,1,0,-432,0.00,0.00,,0,0.00,0.00,0.00,0.00,0,0,0.97,0,1,1,v12.19,4718154977754080839
2025-10-20,12:52:53,SETUP,SELL,M5,25804.50,25824.50,25779.50,25729.50,1,4,2,0,-232,0.00,0.00,,0,0.00,0.00,0.00,0.00,0,0,0.97,0,1,1,v12.19,4718154977754080839
2025-10-20,15:00:14,SETUP,BUY,M4,25768.50,25748.50,25793.50,25843.50,1,5,2,4,230,0.00,0.00,,0,0.00,0.00,0.00,0.00,0,0,0.97,0,1,1,v12.19,4718154977754080839
2025-10-21,10:25:59,SETUP,BUY,M5,25748.25,25722.50,25775.00,25823.25,1,4,0,0,218,0.00,0.00,,0,0.00,0.00,0.00,0.00,0,0,0.97,0,1,1,v12.19,4718154977754080839
2025-10-21,11:27:34,SETUP,BUY,M5,25805.25,25782.25,25830.25,25880.25,1,4,1,-4,100,0.00,0.00,,0,0.00,0.00,0.00,0.00,0,0,0.97,0,1,0,v12.19,4718154977754080839
2025-10-21,12:26:14,SETUP,BUY,M5,25756.00,25727.75,25785.50,25831.00,1,5,1,0,308,0.00,0.00,,0,0.00,0.00,0.00,0.00,0,0,0.97,0,1,2,v12.19,4718154977754080839
2025-10-21,14:21:30,SETUP,SELL,M8,25775.00,25798.38,25760.80,25737.13,1,6,1,-5,-4,0.00,0.00,,0,0.00,0.00,0.00,0.00,7,4,0.97,0,1,1,v12.19,4718154977754080839
2025-10-22,10:58:30,SETUP,SELL,M5,25557.75,25592.00,25522.25,25472.50,1,5,2,0,-264,0.00,0.00,,0,0.00,0.00,0.00,0.00,0,0,0.97,0,1,1,v12.19,4718154977754080839
2025-10-22,11:30:39,SETUP,SELL,M2,25405.75,25445.75,25362.00,25301.25,1,6,-2,0,-780,0.00,0.00,,0,0.00,0.00,0.00,0.00,0,0,0.97,0,1,1,v12.19,4718154977754080839
2025-10-22,11:32:05,SETUP,SELL,M5,25372.75,25412.75,25324.25,25256.50,1,4,-2,0,-120,0.00,0.00,,0,0.00,0.00,0.00,0.00,0,0,0.97,0,1,1,v12.19,4718154977754080839
2025-10-22,11:41:25,SETUP,SELL,M4,25448.00,25488.00,25398.25,25329.00,1,5,0,-2,10,0.00,0.00,,0,0.00,0.00,0.00,0.00,0,0,0.97,0,1,1,v12.19,4718154977754080839
2025-10-22,11:56:32,SETUP,SELL,M5,25475.75,25515.75,25425.75,25354.75,1,4,2,-2,-66,0.00,0.00,,0,0.00,0.00,0.00,0.00,0,0,0.97,0,1,1,v12.19,4718154977754080839
2025-10-22,12:07:39,SETUP,BUY,M4,25432.00,25392.00,25480.25,25548.00,1,5,2,2,172,0.00,0.00,,0,0.00,0.00,0.00,0.00,0,0,0.97,0,1,1,v12.19,4718154977754080839
2025-10-22,12:10:21,SETUP,SELL,M2,25423.50,25463.50,25375.50,25308.50,1,6,-2,0,-672,0.00,0.00,,0,0.00,0.00,0.00,0.00,0,0,0.97,0,1,1,v12.19,4718154977754080839
2025-10-22,12:12:49,SETUP,SELL,M2,25401.50,25441.50,25354.25,25288.25,1,6,-2,0,-664,0.00,0.00,,0,0.00,0.00,0.00,0.00,0,0,0.97,0,1,1,v12.19,4718154977754080839
2025-10-22,12:37:58,SETUP,SELL,M5,25322.75,25362.75,25279.75,25219.75,1,4,0,0,-912,0.00,0.00,,0,0.00,0.00,0.00,0.00,0,0,0.97,0,1,1,v12.19,4718154977754080839
2025-10-22,13:02:23,SETUP,SELL,M4,25348.25,25388.25,25306.50,25248.00,1,6,0,-2,-114,0.00,0.00,,0,0.00,0.00,0.00,0.00,0,0,0.97,0,1,1,v12.19,4718154977754080839
2025-10-22,13:24:35,SETUP,SELL,M5,25376.00,25416.00,25332.25,25271.25,1,6,1,-2,-242,0.00,0.00,,0,0.00,0.00,0.00,0.00,0,0,0.97,0,1,1,v12.19,4718154977754080839
2025-10-22,14:45:30,SETUP,SELL,M5,25485.50,25519.25,25450.50,25401.25,1,4,2,0,-120,0.00,0.00,,0,0.00,0.00,0.00,0.00,0,0,0.97,0,1,0,v12.19,4718154977754080839
2025-10-23,10:28:30,SETUP,BUY,M5,25660.50,25632.25,25690.00,25735.50,1,5,0,0,264,0.00,0.00,,0,0.00,0.00,0.00,0.00,0,0,0.97,0,1,0,v12.19,4718154977754080839
2025-10-23,11:07:09,SETUP,BUY,M5,25686.75,25660.25,25714.50,25761.75,1,4,3,0,-130,0.00,0.00,,0,0.00,0.00,0.00,0.00,0,0,0.97,0,1,2,v12.19,4718154977754080839
2025-10-23,12:09:28,SETUP,BUY,M5,25695.25,25669.50,25722.25,25770.25,1,4,2,0,284,0.00,0.00,,0,0.00,0.00,0.00,0.00,0,0,0.97,0,1,1,v12.19,4718154977754080839
2025-10-23,13:16:40,SETUP,BUY,M5,25743.50,25721.25,25768.50,25818.50,1,4,0,-4,294,0.00,0.00,,0,0.00,0.00,0.00,0.00,0,0,0.97,0,1,0,v12.19,4718154977754080839
2025-10-23,14:51:45,SETUP,BUY,M5,25719.50,25699.50,25744.50,25794.50,1,5,1,0,186,0.00,0.00,,0,0.00,0.00,0.00,0.00,0,0,0.97,0,1,1,v12.19,4718154977754080839
2025-10-24,12:02:17,SETUP,SELL,M5,26012.50,26035.50,25987.50,25937.50,1,6,2,-2,-128,0.00,0.00,,0,0.00,0.00,0.00,0.00,0,0,0.97,0,1,0,v12.19,4718154977754080839
2025-10-24,14:24:52,SETUP,SELL,M5,26025.75,26045.75,26000.75,25950.75,1,5,1,0,-194,0.00,0.00,,0,0.00,0.00,0.00,0.00,0,0,0.97,0,1,2,v12.19,4718154977754080839
2025-10-24,15:04:00,SETUP,SELL,M5,25981.25,26001.25,25956.25,25906.25,1,4,1,0,-272,0.00,0.00,,0,0.00,0.00,0.00,0.00,0,0,0.97,0,1,1,v12.19,4718154977754080839
2025-10-27,10:33:52,SETUP,SELL,M4,26366.25,26386.75,26341.25,26291.25,1,4,0,0,-110,0.00,0.00,,0,0.00,0.00,0.00,0.00,0,0,0.97,0,1,1,v12.19,4718154977754080839
2025-10-27,10:48:33,SETUP,SELL,M5,26367.75,26387.75,26342.75,26292.75,1,5,0,0,-238,0.00,0.00,,0,0.00,0.00,0.00,0.00,0,0,0.97,0,1,1,v12.19,4718154977754080839
2025-10-27,12:32:11,SETUP,SELL,M5,26381.25,26401.25,26356.25,26306.25,1,6,0,-4,330,0.00,0.00,,0,0.00,0.00,0.00,0.00,0,0,0.97,0,1,0,v12.19,4718154977754080839
2025-10-27,14:13:30,SETUP,SELL,M5,26392.75,26412.75,26367.75,26317.75,1,4,1,0,-156,0.00,0.00,,0,0.00,0.00,0.00,0.00,0,0,0.97,0,1,1,v12.19,4718154977754080839
2025-10-27,14:59:26,SETUP,SELL,M5,26432.00,26452.00,26407.00,26357.00,1,4,2,0,-182,0.00,0.00,,0,0.00,0.00,0.00,0.00,0,0,0.97,0,1,0,v12.19,4718154977754080839
2025-10-27,15:50:48,SETUP,SELL,M4,26466.50,26486.50,26441.50,26391.50,1,6,0,-4,-55,0.00,0.00,,0,0.00,0.00,0.00,0.00,0,0,1.03,0,1,0,v12.19,4718154977754080839
2025-10-28,11:35:00,SETUP,BUY,M5,26576.00,26550.75,26602.25,26651.00,1,4,3,0,-116,0.00,0.00,,0,0.00,0.00,0.00,0.00,0,0,1.03,0,1,0,v12.19,4718154977754080839
2025-10-28,12:17:33,SETUP,SELL,M4,26594.75,26620.25,26568.25,26519.75,1,4,0,-2,-206,0.00,0.00,,0,0.00,0.00,0.00,0.00,0,0,1.03,0,1,1,v12.19,4718154977754080839
2025-10-28,12:46:42,SETUP,BUY,M5,26618.00,26595.75,26643.00,26693.00,1,4,3,0,-2,0.00,0.00,,0,0.00,0.00,0.00,0.00,0,0,1.03,0,1,0,v12.19,4718154977754080839
2025-10-28,14:10:20,SETUP,BUY,M5,26671.00,26651.00,26696.00,26746.00,1,4,2,0,-186,0.00,0.00,,0,0.00,0.00,0.00,0.00,0,0,1.03,0,1,0,v12.19,4718154977754080839
2025-10-28,14:57:24,SETUP,BUY,M5,26641.75,26621.75,26666.75,26716.75,1,4,2,0,286,0.00,0.00,,0,0.00,0.00,0.00,0.00,0,0,1.03,0,1,2,v12.19,4718154977754080839
2025-10-28,14:59:36,SETUP,BUY,M8,26628.50,26622.44,26639.87,26658.82,1,6,1,5,16,0.00,0.00,,0,0.00,0.00,0.00,0.00,7,4,1.03,0,1,2,v12.19,4718154977754080839
2025-10-28,14:59:55,SETUP,BUY,M8,26630.75,26620.11,26641.76,26660.12,1,8,1,5,-116,0.00,0.00,,0,0.00,0.00,0.00,0.00,7,4,1.03,0,1,2,v12.19,4718154977754080839
2025-10-29,10:26:27,SETUP,SELL,M5,26715.25,26737.50,26690.25,26640.25,1,5,0,0,-418,0.00,0.00,,0,0.00,0.00,0.00,0.00,0,0,1.03,0,1,0,v12.19,4718154977754080839
2025-10-29,14:32:03,SETUP,SELL,M5,26648.25,26688.25,26598.25,26523.25,1,4,1,2,-298,0.00,0.00,,0,0.00,0.00,0.00,0.00,0,0,0.97,0,1,1,v12.19,4718154977754080839
2025-10-29,15:04:51,SETUP,SELL,M5,26720.00,26760.00,26670.00,26595.00,1,8,2,0,-468,0.00,0.00,,0,0.00,0.00,0.00,0.00,0,0,0.97,0,1,1,v12.19,4718154977754080839
2025-10-30,11:04:08,SETUP,BUY,M5,26517.25,26480.25,26555.75,26609.50,1,5,2,0,592,0.00,0.00,,0,0.00,0.00,0.00,0.00,0,0,0.97,0,1,2,v12.19,4718154977754080839
2025-10-30,11:34:59,SETUP,BUY,M2,26523.75,26491.75,26557.25,26603.75,1,6,1,2,-86,0.00,0.00,,0,0.00,0.00,0.00,0.00,0,0,0.97,0,1,2,v12.19,4718154977754080839
2025-10-30,11:59:50,SETUP,BUY,M5,26509.75,26477.50,26543.25,26590.25,1,4,1,0,-314,0.00,0.00,,0,0.00,0.00,0.00,0.00,0,0,0.97,0,1,2,v12.19,4718154977754080839
2025-10-30,13:15:21,SETUP,BUY,M5,26473.50,26441.50,26506.75,26553.25,1,5,-1,0,130,0.00,0.00,,0,0.00,0.00,0.00,0.00,0,0,0.97,0,1,0,v12.19,4718154977754080839
2025-10-30,13:40:46,SETUP,BUY,M4,26466.25,26434.50,26499.50,26545.50,1,4,1,0,232,0.00,0.00,,0,0.00,0.00,0.00,0.00,0,0,0.97,0,1,1,v12.19,4718154977754080839
2025-10-30,14:23:03,SETUP,BUY,M5,26385.75,26353.75,26419.00,26465.50,1,5,-1,0,418,0.00,0.00,,0,0.00,0.00,0.00,0.00,0,0,0.97,0,1,1,v12.19,4718154977754080839
2025-10-30,15:00:24,SETUP,BUY,M5,26393.00,26360.00,26427.25,26475.00,1,4,1,0,88,0.00,0.00,,0,0.00,0.00,0.00,0.00,0,0,0.97,0,1,1,v12.19,4718154977754080839
2025-10-31,11:12:01,SETUP,BUY,M4,26474.75,26440.25,26510.50,26560.50,1,4,1,0,190,0.00,0.00,,0,0.00,0.00,0.00,0.00,0,0,0.97,0,1,0,v12.19,4718154977754080839
2025-10-31,11:19:45,SETUP,BUY,M5,26448.00,26414.25,26483.25,26532.25,1,6,1,0,120,0.00,0.00,,0,0.00,0.00,0.00,0.00,0,0,0.97,0,1,0,v12.19,4718154977754080839
2025-10-31,12:05:44,SETUP,BUY,M5,26398.25,26366.25,26431.75,26478.25,1,6,-1,2,198,0.00,0.00,,0,0.00,0.00,0.00,0.00,0,0,0.97,0,1,0,v12.19,4718154977754080839
2025-10-31,12:32:09,SETUP,SELL,M4,26393.75,26426.00,26360.25,26313.50,1,4,-1,-2,-234,0.00,0.00,,0,0.00,0.00,0.00,0.00,0,0,0.97,0,1,1,v12.19,4718154977754080839
2025-10-31,12:36:47,SETUP,BUY,M4,26384.00,26350.75,26418.50,26466.75,1,6,1,0,120,0.00,0.00,,0,0.00,0.00,0.00,0.00,0,0,0.97,0,1,1,v12.19,4718154977754080839
2025-10-31,12:45:02,SETUP,BUY,M5,26433.00,26400.75,26466.75,26513.50,1,4,3,0,138,0.00,0.00,,0,0.00,0.00,0.00,0.00,0,0,0.97,0,1,1,v12.19,4718154977754080839
2025-10-31,13:45:24,SETUP,BUY,M5,26458.50,26431.50,26486.50,26533.50,1,4,1,0,14,0.00,0.00,,0,0.00,0.00,0.00,0.00,0,0,0.97,0,1,1,v12.19,4718154977754080839
2025-10-31,14:06:18,SETUP,BUY,M2,26498.00,26471.00,26526.25,26573.00,1,6,3,0,250,0.00,0.00,,0,0.00,0.00,0.00,0.00,0,0,0.97,0,1,0,v12.19,4718154977754080839
2025-10-31,14:47:03,SETUP,BUY,M5,26523.00,26496.75,26550.25,26598.00,1,5,2,2,-52,0.00,0.00,,0,0.00,0.00,0.00,0.00,0,0,0.97,0,1,1,v12.19,4718154977754080839
2025-11-03,12:29:41,SETUP,BUY,M5,26622.75,26595.75,26650.75,26697.75,1,4,2,-2,340,0.00,0.00,,0,0.00,0.00,0.00,0.00,0,0,0.97,0,1,0,v12.19,4718154977754080839
2025-11-04,11:20:06,SETUP,BUY,M4,26128.50,26096.75,26161.75,26207.75,1,4,1,0,338,0.00,0.00,,0,0.00,0.00,0.00,0.00,0,0,0.97,0,1,0,v12.19,4718154977754080839
2025-11-04,11:25:09,SETUP,BUY,M5,26192.75,26160.00,26227.00,26274.50,1,4,2,0,326,0.00,0.00,,0,0.00,0.00,0.00,0.00,0,0,0.97,0,1,1,v12.19,4718154977754080839
2025-11-04,12:20:04,SETUP,BUY,M5,26116.50,26082.75,26151.50,26200.50,1,5,-1,0,278,0.00,0.00,,0,0.00,0.00,0.00,0.00,0,0,0.97,0,1,1,v12.19,4718154977754080839
2025-11-04,12:27:29,SETUP,BUY,M4,26106.75,26072.75,26142.25,26191.75,1,6,1,0,110,0.00,0.00,,0,0.00,0.00,0.00,0.00,0,0,0.97,0,1,0,v12.19,4718154977754080839
2025-11-04,13:12:04,SETUP,BUY,M5,26116.00,26084.00,26149.50,26196.00,1,4,3,0,142,0.00,0.00,,0,0.00,0.00,0.00,0.00,0,0,0.97,0,1,2,v12.19,4718154977754080839
2025-11-04,14:43:00,SETUP,SELL,M8,26092.75,26119.20,26073.05,26040.21,1,3,1,-3,-70,0.00,0.00,,0,0.00,0.00,0.00,0.00,7,4,0.97,0,1,1,v12.19,4718154977754080839
2025-11-04,14:58:18,SETUP,BUY,M5,26042.50,26013.50,26072.75,26117.50,1,4,-1,0,166,0.00,0.00,,0,0.00,0.00,0.00,0.00,0,0,0.97,0,1,0,v12.19,4718154977754080839
2025-11-05,10:25:19,SETUP,BUY,M5,26203.50,26166.75,26241.75,26295.00,1,4,0,0,414,0.00,0.00,,0,0.00,0.00,0.00,0.00,0,0,0.97,0,1,0,v12.19,4718154977754080839
2025-11-05,11:11:15,SETUP,BUY,M5,26227.25,26200.75,26254.75,26302.25,1,4,0,0,158,0.00,0.00,,0,0.00,0.00,0.00,0.00,0,0,0.97,0,1,1,v12.19,4718154977754080839
2025-11-05,12:28:21,SETUP,BUY,M5,26299.25,26275.75,26324.25,26374.25,1,4,1,-4,136,0.00,0.00,,0,0.00,0.00,0.00,0.00,0,0,0.97,0,1,0,v12.19,4718154977754080839
2025-11-05,13:49:53,SETUP,BUY,M5,26341.50,26320.50,26366.50,26416.50,1,5,2,-2,286,0.00,0.00,,0,0.00,0.00,0.00,0.00,0,0,0.97,0,1,0,v12.19,4718154977754080839
2025-11-05,14:57:44,SETUP,BUY,M5,26209.50,26187.00,26234.50,26284.50,1,4,-1,0,90,0.00,0.00,,0,0.00,0.00,0.00,0.00,0,0,0.97,0,1,0,v12.19,4718154977754080839
2025-11-05,15:00:41,SETUP,BUY,M4,26203.25,26181.25,26228.25,26278.25,1,5,1,0,6,0.00,0.00,,0,0.00,0.00,0.00,0.00,0,0,0.97,0,1,0,v12.19,4718154977754080839
2025-11-06,10:18:49,SETUP,BUY,M4,25790.00,25750.00,25832.50,25891.75,1,4,0,2,-96,0.00,0.00,,0,0.00,0.00,0.00,0.00,0,0,0.97,0,1,0,v12.19,4718154977754080839
2025-11-06,10:20:48,SETUP,SELL,M5,25764.50,25804.50,25720.50,25659.25,1,6,-1,0,-116,0.00,0.00,,0,0.00,0.00,0.00,0.00,0,0,0.97,0,1,1,v12.19,4718154977754080839
2025-11-06,10:54:10,SETUP,SELL,M5,25709.25,25749.25,25665.75,25605.00,1,4,1,2,-276,0.00,0.00,,0,0.00,0.00,0.00,0.00,0,0,0.97,0,1,1,v12.19,4718154977754080839
2025-11-06,11:28:03,SETUP,SELL,M5,25704.00,25744.00,25661.00,25601.25,1,4,0,0,42,0.00,0.00,,0,0.00,0.00,0.00,0.00,0,0,0.97,0,1,1,v12.19,4718154977754080839
2025-11-06,13:27:22,SETUP,SELL,M5,25896.50,25932.50,25859.00,25806.75,1,5,2,0,-106,0.00,0.00,,0,0.00,0.00,0.00,0.00,0,0,0.97,0,1,1,v12.19,4718154977754080839
2025-11-06,14:21:27,SETUP,SELL,M5,25859.75,25896.00,25822.00,25769.50,1,4,1,0,180,0.00,0.00,,0,0.00,0.00,0.00,0.00,0,0,0.97,0,1,2,v12.19,4718154977754080839
2025-11-06,14:58:11,SETUP,SELL,M5,25709.75,25741.75,25676.50,25630.25,1,4,1,0,-190,0.00,0.00,,0,0.00,0.00,0.00,0.00,0,0,0.97,0,1,0,v12.19,4718154977754080839
2025-11-07,10:26:57,SETUP,SELL,M5,25260.75,25296.75,25223.25,25170.75,1,4,1,0,-120,0.00,0.00,,0,0.00,0.00,0.00,0.00,0,0,0.97,0,1,0,v12.19,4718154977754080839
2025-11-07,12:01:03,SETUP,SELL,M5,25197.50,25235.50,25157.75,25102.50,1,4,-2,0,116,0.00,0.00,,0,0.00,0.00,0.00,0.00,0,0,0.97,0,1,0,v12.19,4718154977754080839
2025-11-07,12:01:23,SETUP,SELL,M5,25237.50,25274.25,25199.25,25145.50,1,4,-1,0,-454,0.00,0.00,,0,0.00,0.00,0.00,0.00,0,0,0.97,0,1,1,v12.19,4718154977754080839
2025-11-07,12:33:15,SETUP,SELL,M5,25372.50,25406.00,25337.50,25288.75,1,5,1,-2,-290,0.00,0.00,,0,0.00,0.00,0.00,0.00,0,0,0.97,0,1,0,v12.19,4718154977754080839
2025-11-07,14:06:02,SETUP,SELL,M5,25545.50,25585.00,25504.50,25447.00,1,4,2,0,-558,0.00,0.00,,0,0.00,0.00,0.00,0.00,0,0,0.97,0,1,0,v12.19,4718154977754080839
2025-11-07,14:49:48,SETUP,SELL,M5,25577.50,25617.50,25531.75,25468.00,1,4,2,0,190,0.00,0.00,,0,0.00,0.00,0.00,0.00,0,0,0.97,0,1,0,v12.19,4718154977754080839
2025-11-07,14:55:14,SETUP,SELL,M8,25611.25,25630.64,25585.23,25541.87,1,7,1,-5,-316,0.00,0.00,,0,0.00,0.00,0.00,0.00,7,4,0.97,0,1,1,v12.19,4718154977754080839
2025-11-07,14:56:57,SETUP,SELL,M8,25627.25,25641.26,25602.06,25560.08,1,6,1,-5,-12,0.00,0.00,,0,0.00,0.00,0.00,0.00,7,4,0.97,0,1,1,v12.19,4718154977754080839
2025-11-07,14:58:42,SETUP,SELL,M8,25630.25,25648.06,25606.02,25565.62,1,6,1,-5,-18,0.00,0.00,,0,0.00,0.00,0.00,0.00,7,4,0.97,0,1,1,v12.19,4718154977754080839
2025-11-07,14:59:31,SETUP,SELL,M8,25632.25,25646.17,25609.38,25571.28,1,7,1,-5,162,0.00,0.00,,0,0.00,0.00,0.00,0.00,7,4,0.97,0,1,0,v12.19,4718154977754080839
2025-11-10,10:36:46,SETUP,BUY,M4,25952.50,25923.25,25983.00,26027.50,1,4,0,4,82,0.00,0.00,,0,0.00,0.00,0.00,0.00,0,0,0.97,0,1,0,v12.19,4718154977754080839
2025-11-10,11:09:52,SETUP,SELL,M5,26006.00,26037.00,25973.50,25928.50,1,5,2,0,-296,0.00,0.00,,0,0.00,0.00,0.00,0.00,0,0,0.97,0,1,1,v12.19,4718154977754080839
2025-11-10,12:01:58,SETUP,SELL,M5,26117.50,26143.50,26090.25,26042.50,1,4,2,0,-66,0.00,0.00,,0,0.00,0.00,0.00,0.00,0,0,0.97,0,1,0,v12.19,4718154977754080839
2025-11-10,13:13:04,SETUP,SELL,M5,26139.50,26163.25,26114.50,26064.50,1,4,2,0,-106,0.00,0.00,,0,0.00,0.00,0.00,0.00,0,0,0.97,0,1,0,v12.19,4718154977754080839
2025-11-10,14:25:22,SETUP,SELL,M5,26179.00,26199.00,26154.00,26104.00,1,4,2,0,-6,0.00,0.00,,0,0.00,0.00,0.00,0.00,0,0,0.97,0,1,0,v12.19,4718154977754080839
2025-11-10,14:59:48,SETUP,SELL,M5,26179.00,26199.00,26154.00,26104.00,1,4,1,2,-128,0.00,0.00,,0,0.00,0.00,0.00,0.00,0,0,0.97,0,1,1,v12.19,4718154977754080839
2025-11-10,15:01:21,SETUP,BUY,M4,26197.75,26177.75,26222.75,26272.75,1,4,0,2,-74,0.00,0.00,,0,0.00,0.00,0.00,0.00,0,0,0.97,0,1,1,v12.19,4718154977754080839
2025-11-10,15:14:00,SETUP,SELL,M4,26192.75,26212.75,26167.75,26117.75,1,6,0,-2,-288,0.00,0.00,,0,0.00,0.00,0.00,0.00,0,0,0.97,0,1,1,v12.19,4718154977754080839
2025-11-11,10:11:00,SETUP,SELL,M4,25992.75,26021.75,25962.50,25917.75,1,4,0,0,-122,0.00,0.00,,0,0.00,0.00,0.00,0.00,0,0,0.97,0,1,1,v12.19,4718154977754080839
2025-11-11,10:26:11,SETUP,SELL,M5,25997.50,26027.00,25966.75,25922.50,1,4,0,0,-572,0.00,0.00,,0,0.00,0.00,0.00,0.00,0,0,0.97,0,1,1,v12.19,4718154977754080839
2025-11-11,10:30:28,SETUP,BUY,M4,25959.25,25929.25,25990.50,26034.25,1,5,0,4,496,0.00,0.00,,0,0.00,0.00,0.00,0.00,0,0,0.97,0,1,1,v12.19,4718154977754080839
2025-11-11,11:08:11,SETUP,SELL,M5,26016.00,26045.00,25985.75,25941.00,1,4,2,0,-268,0.00,0.00,,0,0.00,0.00,0.00,0.00,0,0,0.97,0,1,1,v12.19,4718154977754080839
2025-11-11,12:22:25,SETUP,SELL,M5,26108.75,26135.75,26080.75,26033.75,1,6,2,0,-278,0.00,0.00,,0,0.00,0.00,0.00,0.00,0,0,0.97,0,1,0,v12.19,4718154977754080839
2025-11-11,13:17:24,SETUP,SELL,M5,26122.50,26151.25,26092.50,26047.50,1,4,2,0,-204,0.00,0.00,,0,0.00,0.00,0.00,0.00,0,0,0.97,0,1,0,v12.19,4718154977754080839
2025-11-11,14:50:00,SETUP,SELL,M5,26132.50,26157.50,26106.50,26057.50,1,6,1,-2,374,0.00,0.00,,0,0.00,0.00,0.00,0.00,0,0,0.97,0,1,2,v12.19,4718154977754080839
2025-11-12,10:14:21,SETUP,BUY,M5,26005.25,25970.75,26041.25,26091.25,1,4,0,0,318,0.00,0.00,,0,0.00,0.00,0.00,0.00,0,0,0.97,0,1,1,v12.19,4718154977754080839
2025-11-12,10:49:39,SETUP,BUY,M5,25993.25,25959.75,26028.25,26077.00,1,6,0,0,364,0.00,0.00,,0,0.00,0.00,0.00,0.00,0,0,0.97,0,1,1,v12.19,4718154977754080839
2025-11-12,11:18:47,SETUP,BUY,M2,26024.25,25989.75,26060.25,26110.50,1,6,1,2,112,0.00,0.00,,0,0.00,0.00,0.00,0.00,0,0,0.97,0,1,1,v12.19,4718154977754080839
2025-11-12,12:18:21,SETUP,BUY,M5,26071.50,26041.25,26103.00,26146.75,1,4,3,0,-118,0.00,0.00,,0,0.00,0.00,0.00,0.00,0,0,0.97,0,1,1,v12.19,4718154977754080839
2025-11-13,10:23:50,SETUP,SELL,M5,25659.50,25698.75,25618.75,25561.50,1,4,0,2,-372,0.00,0.00,,0,0.00,0.00,0.00,0.00,0,0,0.97,0,1,0,v12.19,4718154977754080839
2025-11-13,10:57:54,SETUP,SELL,M5,25670.00,25710.00,25627.00,25567.25,1,4,1,2,262,0.00,0.00,,0,0.00,0.00,0.00,0.00,0,0,0.97,0,1,1,v12.19,4718154977754080839
2025-11-13,11:41:56,SETUP,SELL,M5,25650.25,25690.25,25605.50,25543.25,1,4,2,0,-106,0.00,0.00,,0,0.00,0.00,0.00,0.00,0,0,0.97,0,1,1,v12.19,4718154977754080839
2025-11-13,11:57:37,SETUP,BUY,M4,25604.75,25564.75,25646.50,25705.00,1,4,0,2,338,0.00,0.00,,0,0.00,0.00,0.00,0.00,0,0,0.97,0,1,1,v12.19,4718154977754080839
2025-11-13,12:05:47,SETUP,BUY,M4,25616.75,25577.00,25658.00,25715.75,1,5,2,4,290,0.00,0.00,,0,0.00,0.00,0.00,0.00,0,0,0.97,0,1,1,v12.19,4718154977754080839
2025-11-13,12:20:16,SETUP,SELL,M5,25580.00,25619.50,25538.75,25481.25,1,4,0,4,-118,0.00,0.00,,0,0.00,0.00,0.00,0.00,0,0,0.97,0,1,1,v12.19,4718154977754080839
2025-11-13,12:27:10,SETUP,BUY,M4,25537.75,25498.75,25578.25,25634.75,1,4,1,2,382,0.00,0.00,,0,0.00,0.00,0.00,0.00,0,0,0.97,0,1,1,v12.19,4718154977754080839
2025-11-13,12:39:47,SETUP,BUY,M4,25502.00,25466.50,25539.00,25590.75,1,5,2,4,140,0.00,0.00,,0,0.00,0.00,0.00,0.00,0,0,0.97,0,1,0,v12.19,4718154977754080839
2025-11-13,13:14:33,SETUP,BUY,M4,25516.75,25478.50,25556.50,25612.25,1,4,3,4,162,0.00,0.00,,0,0.00,0.00,0.00,0.00,0,0,0.97,0,1,0,v12.19,4718154977754080839
2025-11-13,15:17:13,SETUP,SELL,M5,25593.50,25627.75,25557.75,25508.25,1,4,2,0,-260,0.00,0.00,,0,0.00,0.00,0.00,0.00,0,0,0.97,0,1,1,v12.19,4718154977754080839
2025-11-14,10:32:13,SETUP,SELL,M5,25682.50,25717.75,25645.75,25594.50,1,4,2,0,-64,0.00,0.00,,0,0.00,0.00,0.00,0.00,0,0,0.97,0,1,0,v12.19,4718154977754080839
2025-11-14,11:25:56,SETUP,SELL,M5,25707.50,25741.00,25672.50,25623.75,1,4,1,2,-192,0.00,0.00,,0,0.00,0.00,0.00,0.00,0,0,0.97,0,1,1,v12.19,4718154977754080839
2025-11-14,11:30:46,SETUP,BUY,M4,25715.00,25681.00,25750.50,25800.00,1,4,1,2,-90,0.00,0.00,,0,0.00,0.00,0.00,0.00,0,0,0.97,0,1,1,v12.19,4718154977754080839
2025-11-14,12:02:05,SETUP,SELL,M5,25617.75,25652.75,25581.50,25530.75,1,4,-1,0,-164,0.00,0.00,,0,0.00,0.00,0.00,0.00,0,0,0.97,0,1,1,v12.19,4718154977754080839
2025-11-14,12:38:02,SETUP,SELL,M5,25580.00,25619.50,25539.00,25481.50,1,4,0,0,-106,0.00,0.00,,0,0.00,0.00,0.00,0.00,0,0,0.97,0,1,0,v12.19,4718154977754080839
2025-11-14,14:59:01,SETUP,SELL,M5,25547.75,25581.25,25512.75,25464.00,1,4,-1,0,-56,0.00,0.00,,0,0.00,0.00,0.00,0.00,0,0,0.97,0,1,0,v12.19,4718154977754080839
2025-11-14,15:20:44,SETUP,SELL,M4,25621.00,25652.50,25588.25,25542.25,1,7,0,-4,-178,0.00,0.00,,0,0.00,0.00,0.00,0.00,0,0,0.97,0,1,1,v12.19,4718154977754080839
2025-11-17,10:20:12,SETUP,BUY,M4,25438.25,25398.25,25481.25,25541.50,1,6,0,0,142,0.00,0.00,,0,0.00,0.00,0.00,0.00,0,0,0.97,0,1,0,v12.19,4718154977754080839
2025-11-17,10:22:16,SETUP,BUY,M5,25453.00,25413.00,25495.75,25555.25,1,4,0,0,168,0.00,0.00,,0,0.00,0.00,0.00,0.00,0,0,0.97,0,1,1,v12.19,4718154977754080839
2025-11-17,10:56:39,SETUP,BUY,M5,25663.50,25627.50,25701.00,25753.25,1,4,2,0,168,0.00,0.00,,0,0.00,0.00,0.00,0.00,0,0,0.97,0,1,1,v12.19,4718154977754080839
2025-11-17,11:04:29,SETUP,BUY,M2,25646.00,25611.25,25682.25,25732.75,1,6,1,0,94,0.00,0.00,,0,0.00,0.00,0.00,0.00,0,0,0.97,0,1,1,v12.19,4718154977754080839
2025-11-17,11:19:01,SETUP,BUY,M4,25617.50,25583.00,25653.25,25703.25,1,5,0,0,230,0.00,0.00,,0,0.00,0.00,0.00,0.00,0,0,0.97,0,1,1,v12.19,4718154977754080839
2025-11-17,12:07:29,SETUP,BUY,M4,25452.50,25416.75,25489.75,25541.75,1,5,1,0,50,0.00,0.00,,0,0.00,0.00,0.00,0.00,0,0,0.97,0,1,0,v12.19,4718154977754080839
2025-11-17,12:31:09,SETUP,BUY,M5,25436.75,25401.75,25473.25,25524.25,1,5,1,2,32,0.00,0.00,,0,0.00,0.00,0.00,0.00,0,0,0.97,0,1,0,v12.19,4718154977754080839
2025-11-17,13:09:03,SETUP,BUY,M5,25366.50,25329.50,25405.00,25458.75,1,4,0,0,46,0.00,0.00,,0,0.00,0.00,0.00,0.00,0,0,0.97,0,1,0,v12.19,4718154977754080839
2025-11-17,14:15:05,SETUP,BUY,M5,25244.25,25204.25,25286.00,25344.50,1,4,0,-2,148,0.00,0.00,,0,0.00,0.00,0.00,0.00,0,0,0.97,0,1,1,v12.19,4718154977754080839
2025-11-17,14:55:00,SETUP,BUY,M5,25342.25,25302.75,25383.25,25440.50,1,5,1,-4,116,0.00,0.00,,0,0.00,0.00,0.00,0.00,0,0,0.97,0,1,1,v12.19,4718154977754080839
2025-11-17,14:57:35,SETUP,SELL,M4,25340.75,25379.50,25300.25,25243.75,1,5,-1,-4,-70,0.00,0.00,,0,0.00,0.00,0.00,0.00,0,0,0.97,0,1,1,v12.19,4718154977754080839
2025-11-18,10:33:50,SETUP,SELL,M5,25119.00,25159.00,25073.00,25009.00,1,4,-1,0,-242,0.00,0.00,,0,0.00,0.00,0.00,0.00,0,0,0.97,0,1,0,v12.19,4718154977754080839
2025-11-18,10:44:07,SETUP,SELL,M4,25129.25,25169.25,25081.50,25015.00,1,5,-1,-2,-62,0.00,0.00,,0,0.00,0.00,0.00,0.00,0,0,0.97,0,1,0,v12.19,4718154977754080839
2025-11-18,11:10:25,SETUP,SELL,M5,25107.50,25147.50,25057.50,24982.50,1,4,-1,0,100,0.00,0.00,,0,0.00,0.00,0.00,0.00,0,0,0.97,0,1,1,v12.19,4718154977754080839
2025-11-18,11:58:23,SETUP,SELL,M4,25236.50,25276.50,25186.50,25111.50,1,5,0,-2,-42,0.00,0.00,,0,0.00,0.00,0.00,0.00,0,0,0.88,0,1,1,v12.19,4718154977754080839
2025-11-18,12:12:24,SETUP,SELL,M4,25210.50,25250.50,25160.50,25085.50,1,5,-1,-2,-108,0.00,0.00,,0,0.00,0.00,0.00,0.00,0,0,0.88,0,1,1,v12.19,4718154977754080839
2025-11-18,12:33:37,SETUP,SELL,M5,25199.75,25239.75,25149.75,25074.75,1,6,1,-2,-230,0.00,0.00,,0,0.00,0.00,0.00,0.00,0,0,0.88,0,1,1,v12.19,4718154977754080839
2025-11-18,13:01:58,SETUP,SELL,M2,25182.00,25222.00,25132.00,25057.00,1,6,-1,0,-230,0.00,0.00,,0,0.00,0.00,0.00,0.00,0,0,0.88,0,1,1,v12.19,4718154977754080839
2025-11-18,13:19:46,SETUP,SELL,M5,25181.50,25221.50,25131.50,25056.50,1,5,1,-2,-78,0.00,0.00,,0,0.00,0.00,0.00,0.00,0,0,0.88,0,1,1,v12.19,4718154977754080839
2025-11-18,14:12:15,SETUP,SELL,M5,25193.75,25233.75,25143.75,25071.00,1,4,-1,0,-100,0.00,0.00,,0,0.00,0.00,0.00,0.00,0,0,0.88,0,1,2,v12.19,4718154977754080839
2025-11-18,14:15:53,SETUP,SELL,M2,25184.00,25224.00,25134.00,25062.50,1,6,-2,0,-100,0.00,0.00,,0,0.00,0.00,0.00,0.00,0,0,0.88,0,1,1,v12.19,4718154977754080839
2025-11-18,14:55:03,SETUP,SELL,M5,25095.75,25135.75,25047.50,24980.25,1,4,-1,2,104,0.00,0.00,,0,0.00,0.00,0.00,0.00,0,0,0.88,0,1,1,v12.19,4718154977754080839
2025-11-19,10:21:05,SETUP,SELL,M4,25199.00,25233.50,25163.00,25113.00,1,5,-2,-2,-128,0.00,0.00,,0,0.00,0.00,0.00,0.00,0,0,0.97,0,1,0,v12.19,4718154977754080839
2025-11-19,10:57:09,SETUP,BUY,M5,25186.25,25146.25,25228.25,25286.75,1,6,0,0,394,0.00,0.00,,0,0.00,0.00,0.00,0.00,0,0,0.97,0,1,2,v12.19,4718154977754080839
2025-11-19,10:59:48,SETUP,SELL,M4,25175.00,25214.25,25134.00,25076.75,1,4,-1,-2,-122,0.00,0.00,,0,0.00,0.00,0.00,0.00,0,0,0.97,0,1,1,v12.19,4718154977754080839
2025-11-19,11:37:38,SETUP,BUY,M5,24984.75,24944.75,25028.50,25089.25,1,4,-2,0,44,0.00,0.00,,0,0.00,0.00,0.00,0.00,0,0,0.97,0,1,0,v12.19,4718154977754080839
2025-11-19,14:39:46,SETUP,BUY,M5,25223.75,25183.75,25271.25,25337.75,1,4,0,0,-204,0.00,0.00,,0,0.00,0.00,0.00,0.00,0,0,0.97,0,1,1,v12.19,4718154977754080839
2025-11-19,15:20:50,SETUP,BUY,M5,25364.00,25324.00,25414.00,25489.00,1,4,2,0,438,0.00,0.00,,0,0.00,0.00,0.00,0.00,0,0,0.97,0,1,0,v12.19,4718154977754080839
2025-11-19,15:30:01,SETUP,BUY,M2,25396.50,25356.50,25446.50,25521.50,1,6,2,0,348,0.00,0.00,,0,0.00,0.00,0.00,0.00,0,0,0.97,0,1,1,v12.19,4718154977754080839
2025-11-20,10:39:06,SETUP,BUY,M5,25288.00,25248.00,25338.00,25408.00,1,4,0,0,114,0.00,0.00,,0,0.00,0.00,0.00,0.00,0,0,0.97,0,1,0,v12.19,4718154977754080839
2025-11-20,10:41:57,SETUP,BUY,M4,25242.00,25202.00,25292.00,25366.25,1,5,0,0,130,0.00,0.00,,0,0.00,0.00,0.00,0.00,0,0,0.97,0,1,0,v12.19,4718154977754080839
2025-11-20,10:54:36,SETUP,BUY,M5,25108.75,25068.75,25158.75,25233.75,1,4,-1,0,118,0.00,0.00,,0,0.00,0.00,0.00,0.00,0,0,0.97,0,1,0,v12.19,4718154977754080839
2025-11-20,11:13:40,SETUP,BUY,M5,24975.00,24935.00,25025.00,25100.00,1,6,-1,0,258,0.00,0.00,,0,0.00,0.00,0.00,0.00,0,0,0.88,0,1,0,v12.19,4718154977754080839
2025-11-20,11:37:05,SETUP,BUY,M5,24865.25,24825.25,24915.25,24990.25,1,5,-2,0,264,0.00,0.00,,0,0.00,0.00,0.00,0.00,0,0,0.88,0,1,1,v12.19,4718154977754080839
2025-11-20,12:30:46,SETUP,BUY,M5,24960.50,24920.50,25010.50,25085.50,1,5,1,0,106,0.00,0.00,,0,0.00,0.00,0.00,0.00,0,0,0.88,0,1,1,v12.19,4718154977754080839
2025-11-20,13:20:02,SETUP,BUY,M5,24778.50,24738.50,24828.50,24903.50,1,4,-2,-2,32,0.00,0.00,,0,0.00,0.00,0.00,0.00,0,0,0.88,0,1,0,v12.19,4718154977754080839
2025-11-20,13:27:44,SETUP,SELL,M4,24809.25,24849.25,24759.25,24684.25,1,4,0,-4,-4,0.00,0.00,,0,0.00,0.00,0.00,0.00,0,0,0.88,0,1,1,v12.19,4718154977754080839
2025-11-20,14:50:02,SETUP,BUY,M5,24610.75,24570.75,24660.75,24735.75,1,4,-1,0,124,0.00,0.00,,0,0.00,0.00,0.00,0.00,0,0,0.88,0,1,1,v12.19,4718154977754080839
2025-11-20,15:16:36,SETUP,BUY,M5,24587.25,24547.25,24634.00,24699.25,1,7,-1,2,84,0.00,0.00,,0,0.00,0.00,0.00,0.00,0,0,0.88,0,1,0,v12.19,4718154977754080839
2025-11-21,10:21:28,SETUP,BUY,M5,24567.00,24527.00,24617.00,24692.00,1,5,1,0,198,0.00,0.00,,0,0.00,0.00,0.00,0.00,0,0,0.88,0,1,1,v12.19,4718154977754080839
2025-11-21,10:26:54,SETUP,SELL,M8,24617.75,24639.33,24577.94,24511.60,1,4,-1,-5,-12,0.00,0.00,,0,0.00,0.00,0.00,0.00,7,4,0.88,0,1,0,v12.19,4718154977754080839
2025-11-21,10:52:44,SETUP,SELL,M4,24736.00,24776.00,24686.00,24611.00,1,5,-2,-4,-26,0.00,0.00,,0,0.00,0.00,0.00,0.00,0,0,0.88,0,1,1,v12.19,4718154977754080839
2025-11-21,10:54:10,SETUP,BUY,M5,24763.50,24723.50,24813.50,24888.50,1,4,-2,-4,132,0.00,0.00,,0,0.00,0.00,0.00,0.00,0,0,0.88,0,1,0,v12.19,4718154977754080839
2025-11-21,10:59:05,SETUP,SELL,M4,24814.00,24854.00,24764.00,24689.00,1,4,0,-2,-6,0.00,0.00,,0,0.00,0.00,0.00,0.00,0,0,0.88,0,1,0,v12.19,4718154977754080839
2025-11-21,11:28:01,SETUP,BUY,M5,24846.25,24806.25,24896.25,24971.25,1,4,0,0,-6,0.00,0.00,,0,0.00,0.00,0.00,0.00,0,0,0.88,0,1,0,v12.19,4718154977754080839
2025-11-21,11:52:16,SETUP,BUY,M4,24840.25,24800.25,24890.25,24965.25,1,5,0,2,-2,0.00,0.00,,0,0.00,0.00,0.00,0.00,0,0,0.88,0,1,0,v12.19,4718154977754080839
2025-11-21,12:16:46,SETUP,BUY,M5,24703.50,24663.50,24753.50,24828.50,1,4,-1,0,104,0.00,0.00,,0,0.00,0.00,0.00,0.00,0,0,0.88,0,1,1,v12.19,4718154977754080839
2025-11-21,12:51:48,SETUP,BUY,M5,24960.50,24920.50,25010.50,25085.50,1,4,1,0,-314,0.00,0.00,,0,0.00,0.00,0.00,0.00,0,0,0.88,0,1,1,v12.19,4718154977754080839
2025-11-21,13:10:41,SETUP,SELL,M8,24994.75,25040.32,24962.46,24908.64,1,5,-1,-5,-462,0.00,0.00,,0,0.00,0.00,0.00,0.00,7,4,0.97,0,1,0,v12.19,4718154977754080839
2025-11-21,13:32:51,SETUP,BUY,M5,25002.75,24962.75,25052.50,25122.25,1,5,1,2,174,0.00,0.00,,0,0.00,0.00,0.00,0.00,0,0,0.97,0,1,0,v12.19,4718154977754080839
2025-11-21,13:46:07,SETUP,BUY,M4,24982.00,24942.00,25032.00,25103.50,1,6,0,0,190,0.00,0.00,,0,0.00,0.00,0.00,0.00,0,0,0.97,0,1,0,v12.19,4718154977754080839
2025-11-21,14:33:56,SETUP,BUY,M5,24916.00,24876.00,24966.00,25041.00,1,4,-2,0,394,0.00,0.00,,0,0.00,0.00,0.00,0.00,0,0,0.97,0,1,2,v12.19,4718154977754080839
2025-11-21,15:00:43,SETUP,BUY,M5,24802.00,24762.00,24844.25,24903.00,1,4,-1,0,114,0.00,0.00,,0,0.00,0.00,0.00,0.00,0,0,0.97,0,1,0,v12.19,4718154977754080839
2025-11-24,10:41:16,SETUP,BUY,M5,25340.00,25309.75,25371.50,25415.50,1,4,0,-4,154,0.00,0.00,,0,0.00,0.00,0.00,0.00,0,0,0.97,0,1,0,v12.19,4718154977754080839
2025-11-24,10:58:21,SETUP,BUY,M4,25324.25,25293.00,25356.75,25402.25,1,6,0,0,172,0.00,0.00,,0,0.00,0.00,0.00,0.00,0,0,0.97,0,1,0,v12.19,4718154977754080839
2025-11-24,11:39:16,SETUP,BUY,M5,25394.75,25365.25,25425.50,25469.75,1,4,2,0,444,0.00,0.00,,0,0.00,0.00,0.00,0.00,0,0,0.97,0,1,0,v12.19,4718154977754080839
2025-11-24,12:05:40,SETUP,SELL,M8,25403.75,25413.11,25388.52,25363.14,1,4,1,-1,-40,0.00,0.00,,0,0.00,0.00,0.00,0.00,7,4,0.97,0,1,1,v12.19,4718154977754080839
2025-11-24,12:11:30,SETUP,SELL,M8,25417.25,25428.37,25402.00,25376.58,1,0,2,-1,392,0.00,0.00,,0,0.00,0.00,0.00,0.00,7,4,0.97,0,1,1,v12.19,4718154977754080839
2025-11-24,12:41:02,SETUP,BUY,M5,25393.50,25368.25,25419.75,25468.50,1,4,1,0,204,0.00,0.00,,0,0.00,0.00,0.00,0.00,0,0,0.97,0,1,1,v12.19,4718154977754080839
2025-11-24,12:59:33,SETUP,BUY,M2,25413.00,25388.00,25439.00,25488.00,1,6,2,0,628,0.00,0.00,,0,0.00,0.00,0.00,0.00,0,0,0.97,0,1,0,v12.19,4718154977754080839
2025-11-24,13:35:29,SETUP,BUY,M4,25399.00,25374.00,25425.00,25474.00,1,7,0,4,246,0.00,0.00,,0,0.00,0.00,0.00,0.00,0,0,0.97,0,1,1,v12.19,4718154977754080839
2025-11-24,14:15:38,SETUP,BUY,M2,25420.25,25395.50,25446.00,25495.25,1,6,2,0,162,0.00,0.00,,0,0.00,0.00,0.00,0.00,0,0,0.97,0,1,2,v12.19,4718154977754080839
2025-11-24,14:27:11,SETUP,BUY,M8,25402.50,25387.16,25417.68,25442.99,1,4,1,1,14,0.00,0.00,,0,0.00,0.00,0.00,0.00,7,4,0.97,0,1,3,v12.19,4718154977754080839
2025-11-24,14:31:53,SETUP,BUY,M8,25410.75,25394.75,25425.75,25450.74,1,4,1,1,-20,0.00,0.00,,0,0.00,0.00,0.00,0.00,7,4,0.97,0,1,3,v12.19,4718154977754080839
2025-11-25,10:49:33,SETUP,BUY,M5,25358.25,25318.25,25404.50,25469.00,1,4,1,-2,296,0.00,0.00,,0,0.00,0.00,0.00,0.00,0,0,0.97,0,1,0,v12.19,4718154977754080839
2025-11-25,11:35:48,SETUP,BUY,M5,25527.50,25494.50,25562.00,25610.00,1,4,3,0,684,0.00,0.00,,0,0.00,0.00,0.00,0.00,0,0,0.97,0,1,0,v12.19,4718154977754080839
2025-11-25,12:40:38,SETUP,BUY,M5,25499.25,25470.25,25529.25,25574.25,1,4,1,-2,480,0.00,0.00,,0,0.00,0.00,0.00,0.00,0,0,0.97,0,1,0,v12.19,4718154977754080839
2025-11-25,14:17:32,SETUP,BUY,M5,25509.75,25482.00,25538.50,25584.75,1,4,2,-2,94,0.00,0.00,,0,0.00,0.00,0.00,0.00,0,0,0.97,0,1,1,v12.19,4718154977754080839
2025-11-25,14:36:19,SETUP,SELL,M8,25552.00,25560.31,25535.79,25508.78,1,3,3,-3,-2,0.00,0.00,,0,0.00,0.00,0.00,0.00,7,4,0.97,0,1,1,v12.19,4718154977754080839
2025-11-25,14:40:07,SETUP,SELL,M8,25550.00,25560.67,25534.11,25507.62,1,5,2,-5,-272,0.00,0.00,,0,0.00,0.00,0.00,0.00,7,4,0.97,0,1,1,v12.19,4718154977754080839
2025-11-25,14:59:57,SETUP,BUY,M5,25545.75,25521.75,25570.75,25620.75,1,6,2,3,130,0.00,0.00,,0,0.00,0.00,0.00,0.00,0,0,0.97,0,1,1,v12.19,4718154977754080839
2025-11-25,15:06:44,SETUP,BUY,M4,25549.00,25525.00,25574.00,25624.00,1,5,2,0,-252,0.00,0.00,,0,0.00,0.00,0.00,0.00,0,0,1.03,0,1,1,v12.19,4718154977754080839
2025-11-26,10:58:58,SETUP,BUY,M5,25813.50,25790.00,25838.50,25888.50,1,4,1,0,-272,0.00,0.00,,0,0.00,0.00,0.00,0.00,0,0,1.03,0,1,1,v12.19,4718154977754080839
2025-11-26,12:37:03,SETUP,BUY,M2,25778.25,25746.50,25811.25,25857.50,1,7,1,2,112,0.00,0.00,,0,0.00,0.00,0.00,0.00,0,0,0.97,0,1,0,v12.19,4718154977754080839
2025-11-26,12:45:06,SETUP,BUY,M4,25775.50,25743.50,25808.75,25855.00,1,5,2,2,238,0.00,0.00,,0,0.00,0.00,0.00,0.00,0,0,0.97,0,1,1,v12.19,4718154977754080839
2025-11-26,14:37:16,SETUP,BUY,M5,25811.50,25787.25,25836.75,25886.50,1,5,2,0,94,0.00,0.00,,0,0.00,0.00,0.00,0.00,0,0,0.97,0,1,1,v12.19,4718154977754080839
2025-12-01,11:52:00,SETUP,SELL,M5,25928.25,25957.25,25898.25,25853.25,1,6,2,0,-156,0.00,0.00,,0,0.00,0.00,0.00,0.00,0,0,0.97,0,1,1,v12.19,4718154977754080839
2025-12-01,13:27:46,SETUP,SELL,M5,25858.50,25884.00,25832.00,25783.50,1,5,-1,0,-78,0.00,0.00,,0,0.00,0.00,0.00,0.00,0,0,1.03,0,1,1,v12.19,4718154977754080839
2025-12-01,14:29:43,SETUP,SELL,M5,25858.00,25884.25,25830.75,25783.00,1,4,2,0,-138,0.00,0.00,,0,0.00,0.00,0.00,0.00,0,0,1.03,0,1,0,v12.19,4718154977754080839
2025-12-01,14:39:01,SETUP,SELL,M4,25867.75,25894.00,25840.50,25792.75,1,7,0,-4,-350,0.00,0.00,,0,0.00,0.00,0.00,0.00,0,0,1.03,0,1,1,v12.19,4718154977754080839
2025-12-02,10:35:16,SETUP,BUY,M5,25944.00,25909.25,25980.00,26030.50,1,4,1,0,176,0.00,0.00,,0,0.00,0.00,0.00,0.00,0,0,0.97,0,1,0,v12.19,4718154977754080839
2025-12-02,11:16:54,SETUP,BUY,M5,26061.50,26026.25,26098.25,26149.50,1,4,3,0,276,0.00,0.00,,0,0.00,0.00,0.00,0.00,0,0,0.97,0,1,1,v12.19,4718154977754080839
2025-12-02,12:14:53,SETUP,BUY,M5,26031.00,25998.75,26064.75,26111.75,1,4,1,0,84,0.00,0.00,,0,0.00,0.00,0.00,0.00,0,0,0.97,0,1,1,v12.19,4718154977754080839
2025-12-02,13:28:44,SETUP,BUY,M5,26063.75,26032.75,26096.25,26141.25,1,4,1,0,132,0.00,0.00,,0,0.00,0.00,0.00,0.00,0,0,0.97,0,1,2,v12.19,4718154977754080839
2025-12-02,14:59:58,SETUP,BUY,M5,26065.75,26041.25,26091.25,26140.75,1,4,-1,0,48,0.00,0.00,,0,0.00,0.00,0.00,0.00,0,0,0.97,0,1,2,v12.19,4718154977754080839
2025-12-03,11:34:30,SETUP,SELL,M5,26087.00,26117.25,26055.50,26011.50,1,4,2,0,-248,0.00,0.00,,0,0.00,0.00,0.00,0.00,0,0,0.97,0,1,1,v12.19,4718154977754080839
2025-12-03,13:01:10,SETUP,SELL,M5,26109.50,26132.50,26084.50,26034.50,1,4,1,0,-116,0.00,0.00,,0,0.00,0.00,0.00,0.00,0,0,0.97,0,1,1,v12.19,4718154977754080839
2025-12-03,14:41:03,SETUP,SELL,M5,26147.25,26167.25,26122.25,26072.25,1,5,1,-2,-62,0.00,0.00,,0,0.00,0.00,0.00,0.00,0,0,1.03,0,1,0,v12.19,4718154977754080839
2025-12-04,11:06:04,SETUP,SELL,M5,26079.75,26107.00,26051.25,26004.75,1,4,2,0,-348,0.00,0.00,,0,0.00,0.00,0.00,0.00,0,0,1.03,0,1,2,v12.19,4718154977754080839
2025-12-04,12:16:56,SETUP,SELL,M5,26072.75,26099.75,26044.75,25997.75,1,4,1,-2,-52,0.00,0.00,,0,0.00,0.00,0.00,0.00,0,0,1.03,0,1,1,v12.19,4718154977754080839
2025-12-04,13:23:53,SETUP,SELL,M5,25991.25,26019.50,25961.75,25916.25,1,4,-1,0,258,0.00,0.00,,0,0.00,0.00,0.00,0.00,0,0,0.97,0,1,0,v12.19,4718154977754080839
2025-12-04,14:13:03,SETUP,SELL,M5,26047.00,26074.00,26018.75,25972.00,1,4,1,0,-88,0.00,0.00,,0,0.00,0.00,0.00,0.00,0,0,0.97,0,1,1,v12.19,4718154977754080839
2025-12-05,10:23:18,SETUP,BUY,M5,26201.00,26168.75,26234.50,26281.25,1,4,-1,0,80,0.00,0.00,,0,0.00,0.00,0.00,0.00,0,0,0.97,0,1,1,v12.19,4718154977754080839
2025-12-05,11:00:12,SETUP,BUY,M5,26178.75,26145.50,26213.50,26261.75,1,4,0,0,-318,0.00,0.00,,0,0.00,0.00,0.00,0.00,0,0,0.97,0,1,2,v12.19,4718154977754080839
2025-12-05,12:22:39,SETUP,BUY,M5,26194.50,26166.75,26223.50,26269.50,1,4,2,0,140,0.00,0.00,,0,0.00,0.00,0.00,0.00,0,0,0.97,0,1,1,v12.19,4718154977754080839
2025-12-05,13:50:38,SETUP,BUY,M5,26197.75,26173.00,26223.50,26272.75,1,5,1,0,194,0.00,0.00,,0,0.00,0.00,0.00,0.00,0,0,0.97,0,1,2,v12.19,4718154977754080839
2025-12-05,15:33:06,SETUP,BUY,M5,26202.50,26181.75,26227.50,26277.50,1,5,2,-4,85,0.00,0.00,,0,0.00,0.00,0.00,0.00,0,0,0.97,0,1,2,v12.19,4718154977754080839
2025-12-08,11:43:50,SETUP,BUY,M5,26099.00,26073.25,26125.75,26174.00,1,4,1,0,10,0.00,0.00,,0,0.00,0.00,0.00,0.00,0,0,0.97,0,1,1,v12.19,4718154977754080839
2025-12-08,12:58:31,SETUP,BUY,M4,26048.50,26018.75,26079.50,26123.50,1,4,1,0,324,0.00,0.00,,0,0.00,0.00,0.00,0.00,0,0,0.97,0,1,1,v12.19,4718154977754080839
2025-12-08,13:51:38,SETUP,SELL,M4,26066.50,26093.00,26038.75,25991.50,1,4,-1,-2,-134,0.00,0.00,,0,0.00,0.00,0.00,0.00,0,0,0.97,0,1,0,v12.19,4718154977754080839
2025-12-09,10:34:58,SETUP,SELL,M4,26166.00,26189.50,26141.00,26091.00,1,5,0,0,-238,0.00,0.00,,0,0.00,0.00,0.00,0.00,0,0,0.97,0,1,1,v12.19,4718154977754080839
2025-12-09,10:52:15,SETUP,BUY,M5,26178.25,26155.50,26203.25,26253.25,1,5,0,0,130,0.00,0.00,,0,0.00,0.00,0.00,0.00,0,0,0.97,0,1,0,v12.19,4718154977754080839
2025-12-09,12:11:09,SETUP,BUY,M5,26189.25,26168.25,26214.25,26264.25,1,5,2,-2,154,0.00,0.00,,0,0.00,0.00,0.00,0.00,0,0,0.97,0,1,1,v12.19,4718154977754080839
2025-12-10,12:29:20,SETUP,BUY,M5,26083.25,26057.00,26110.75,26158.25,1,4,-2,0,108,0.00,0.00,,0,0.00,0.00,0.00,0.00,0,0,0.97,0,1,1,v12.19,4718154977754080839
2025-12-10,13:34:41,SETUP,BUY,M5,26242.25,26202.25,26287.25,26350.25,1,4,3,-2,132,0.00,0.00,,0,0.00,0.00,0.00,0.00,0,0,0.97,0,1,0,v12.19,4718154977754080839
2025-12-10,13:40:09,SETUP,SELL,M2,26130.50,26170.50,26080.50,26005.50,1,6,-2,0,-186,0.00,0.00,,0,0.00,0.00,0.00,0.00,0,0,0.97,0,1,2,v12.19,4718154977754080839
2025-12-10,13:52:51,SETUP,BUY,M5,26265.50,26225.50,26315.50,26390.50,1,4,2,-2,320,0.00,0.00,,0,0.00,0.00,0.00,0.00,0,0,0.97,0,1,1,v12.19,4718154977754080839
2025-12-10,14:22:23,SETUP,BUY,M5,26299.25,26260.00,26340.25,26397.50,1,4,1,0,-234,0.00,0.00,,0,0.00,0.00,0.00,0.00,0,0,0.97,0,1,1,v12.19,4718154977754080839
2025-12-10,15:07:10,SETUP,BUY,M5,26246.00,26216.75,26276.50,26321.00,1,6,1,2,140,0.00,0.00,,0,0.00,0.00,0.00,0.00,0,0,0.97,0,1,2,v12.19,4718154977754080839
2025-12-11,10:51:57,SETUP,SELL,M5,25970.75,26007.25,25932.75,25879.75,1,5,1,0,-346,0.00,0.00,,0,0.00,0.00,0.00,0.00,0,0,0.97,0,1,1,v12.19,4718154977754080839
2025-12-11,11:46:30,SETUP,SELL,M5,26088.50,26120.50,26055.25,26008.75,1,4,1,0,-300,0.00,0.00,,0,0.00,0.00,0.00,0.00,0,0,0.97,0,1,0,v12.19,4718154977754080839
2025-12-11,12:45:58,SETUP,SELL,M4,26136.25,26166.50,26104.75,26060.50,1,4,0,-2,-84,0.00,0.00,,0,0.00,0.00,0.00,0.00,0,0,0.97,0,1,0,v12.19,4718154977754080839
2025-12-11,12:50:01,SETUP,SELL,M5,26115.50,26146.00,26083.75,26039.50,1,4,1,0,-110,0.00,0.00,,0,0.00,0.00,0.00,0.00,0,0,0.97,0,1,0,v12.19,4718154977754080839
2025-12-11,14:16:06,SETUP,SELL,M5,26164.00,26188.50,26138.50,26089.00,1,5,0,0,-110,0.00,0.00,,0,0.00,0.00,0.00,0.00,0,0,0.97,0,1,0,v12.19,4718154977754080839
2025-12-11,14:51:54,SETUP,SELL,M4,26167.75,26193.25,26141.25,26092.75,1,8,-1,-4,-246,0.00,0.00,,0,0.00,0.00,0.00,0.00,0,0,0.97,0,1,0,v12.19,4718154977754080839
2025-12-12,10:30:54,SETUP,SELL,M5,25636.00,25676.00,25590.25,25526.75,1,4,-1,0,-400,0.00,0.00,,0,0.00,0.00,0.00,0.00,0,0,0.97,0,1,0,v12.19,4718154977754080839
2025-12-15,14:48:12,SETUP,SELL,M2,25570.75,25610.75,25528.25,25468.75,1,7,-1,0,142,0.00,0.00,,0,0.00,0.00,0.00,0.00,0,0,0.97,0,1,1,v12.19,4718154977754080839
2025-12-15,15:00:32,SETUP,SELL,M5,25551.50,25589.00,25512.50,25458.00,1,4,-1,0,36,0.00,0.00,,0,0.00,0.00,0.00,0.00,0,0,0.97,0,1,1,v12.19,4718154977754080839
2025-12-16,10:42:24,SETUP,BUY,M5,25476.75,25436.75,25523.00,25587.75,1,4,-1,-2,80,0.00,0.00,,0,0.00,0.00,0.00,0.00,0,0,0.97,0,1,1,v12.19,4718154977754080839
2025-12-16,12:27:25,SETUP,BUY,M5,25430.25,25390.50,25471.75,25529.50,1,4,-1,-2,66,0.00,0.00,,0,0.00,0.00,0.00,0.00,0,0,0.97,0,1,1,v12.19,4718154977754080839
2025-12-16,13:39:08,SETUP,BUY,M5,25537.00,25497.00,25579.00,25638.00,1,4,0,-3,92,0.00,0.00,,0,0.00,0.00,0.00,0.00,0,0,0.97,0,1,0,v12.19,4718154977754080839
2025-12-16,14:38:18,SETUP,SELL,M4,25625.50,25662.00,25587.50,25534.75,1,4,0,-4,-452,0.00,0.00,,0,0.00,0.00,0.00,0.00,0,0,0.97,0,1,1,v12.19,4718154977754080839
2025-12-16,14:49:24,SETUP,BUY,M5,25641.75,25605.75,25679.25,25731.50,1,4,0,0,372,0.00,0.00,,0,0.00,0.00,0.00,0.00,0,0,0.97,0,1,1,v12.19,4718154977754080839
2025-12-17,10:18:02,SETUP,BUY,M5,25271.50,25231.50,25314.00,25373.25,1,4,-2,0,124,0.00,0.00,,0,0.00,0.00,0.00,0.00,0,0,0.97,0,1,0,v12.19,4718154977754080839
2025-12-17,10:52:00,SETUP,BUY,M5,25234.25,25194.25,25278.00,25339.25,1,5,-1,2,472,0.00,0.00,,0,0.00,0.00,0.00,0.00,0,0,0.97,0,1,2,v12.19,4718154977754080839
2025-12-17,12:56:21,SETUP,BUY,M5,25168.75,25131.25,25208.00,25262.50,1,5,-1,0,282,0.00,0.00,,0,0.00,0.00,0.00,0.00,0,0,0.97,0,1,1,v12.19,4718154977754080839
2025-12-17,14:14:25,SETUP,BUY,M5,25172.50,25141.00,25205.25,25250.75,1,4,0,0,82,0.00,0.00,,0,0.00,0.00,0.00,0.00,0,0,0.97,0,1,0,v12.19,4718154977754080839
2025-12-18,10:27:06,SETUP,SELL,M5,25560.50,25590.00,25529.75,25485.50,1,4,0,0,-138,0.00,0.00,,0,0.00,0.00,0.00,0.00,0,0,0.97,0,1,1,v12.19,4718154977754080839
2025-12-18,11:10:59,SETUP,SELL,M5,25448.75,25479.50,25416.75,25372.25,1,4,-3,0,-100,0.00,0.00,,0,0.00,0.00,0.00,0.00,0,0,0.97,0,1,0,v12.19,4718154977754080839
2025-12-18,11:35:26,SETUP,SELL,M5,25490.25,25524.00,25455.25,25406.25,1,4,0,0,-62,0.00,0.00,,0,0.00,0.00,0.00,0.00,0,0,0.97,0,1,1,v12.19,4718154977754080839
2025-12-18,12:22:53,SETUP,SELL,M5,25582.00,25615.25,25547.50,25499.25,1,6,1,-2,156,0.00,0.00,,0,0.00,0.00,0.00,0.00,0,0,0.97,0,1,0,v12.19,4718154977754080839
2025-12-18,12:37:02,SETUP,SELL,M4,25595.25,25627.00,25562.25,25516.00,1,7,0,-4,-38,0.00,0.00,,0,0.00,0.00,0.00,0.00,0,0,0.97,0,1,0,v12.19,4718154977754080839
2025-12-18,12:40:51,SETUP,SELL,M2,25581.00,25612.75,25548.00,25501.75,1,7,-2,-4,-232,0.00,0.00,,0,0.00,0.00,0.00,0.00,0,0,0.97,0,1,0,v12.19,4718154977754080839
2025-12-18,13:12:30,SETUP,SELL,M5,25494.50,25530.00,25457.50,25406.00,1,4,-3,0,-200,0.00,0.00,,0,0.00,0.00,0.00,0.00,0,0,0.97,0,1,1,v12.19,4718154977754080839
2025-12-18,13:22:25,SETUP,SELL,M2,25473.50,25507.50,25438.00,25388.75,1,6,-1,0,-122,0.00,0.00,,0,0.00,0.00,0.00,0.00,0,0,0.97,0,1,1,v12.19,4718154977754080839
2025-12-18,13:45:19,SETUP,BUY,M4,25471.00,25437.50,25505.75,25554.25,1,4,0,2,246,0.00,0.00,,0,0.00,0.00,0.00,0.00,0,0,0.97,0,1,1,v12.19,4718154977754080839
2025-12-18,14:06:15,SETUP,SELL,M5,25470.75,25505.25,25434.75,25384.50,1,5,-3,0,-138,0.00,0.00,,0,0.00,0.00,0.00,0.00,0,0,0.97,0,1,0,v12.19,4718154977754080839
2025-12-19,11:41:47,SETUP,BUY,M5,25780.75,25757.25,25805.75,25855.75,1,4,0,-4,-160,0.00,0.00,,0,0.00,0.00,0.00,0.00,0,0,0.97,0,1,0,v12.19,4718154977754080839
2025-12-19,14:15:43,SETUP,BUY,M5,25797.00,25777.00,25822.00,25872.00,1,4,0,-2,112,0.00,0.00,,0,0.00,0.00,0.00,0.00,0,0,0.97,0,1,0,v12.19,4718154977754080839
2025-12-19,15:00:15,SETUP,BUY,M5,25789.75,25769.75,25814.75,25864.75,1,6,-1,0,498,0.00,0.00,,0,0.00,0.00,0.00,0.00,0,0,0.97,0,1,1,v12.19,4718154977754080839
2025-12-22,10:28:14,SETUP,SELL,M5,25911.50,25935.25,25886.50,25836.50,1,4,0,0,-276,0.00,0.00,,0,0.00,0.00,0.00,0.00,0,0,0.97,0,1,1,v12.19,4718154977754080839
2025-12-22,11:58:04,SETUP,SELL,M5,25929.50,25949.50,25904.50,25854.50,1,6,-2,-4,-198,0.00,0.00,,0,0.00,0.00,0.00,0.00,0,0,0.97,0,1,0,v12.19,4718154977754080839
2025-12-22,14:19:15,SETUP,SELL,M5,25898.50,25918.50,25873.50,25823.50,1,4,0,0,-20,0.00,0.00,,0,0.00,0.00,0.00,0.00,0,0,0.97,0,1,1,v12.19,4718154977754080839
2025-12-22,14:59:50,SETUP,SELL,M2,25900.25,25920.25,25875.25,25825.25,1,6,-1,0,-178,0.00,0.00,,0,0.00,0.00,0.00,0.00,0,0,1.03,0,1,1,v12.19,4718154977754080839
2025-12-23,10:31:33,SETUP,SELL,M5,25948.50,25969.50,25923.50,25873.50,1,4,0,0,-84,0.00,0.00,,0,0.00,0.00,0.00,0.00,0,0,1.03,0,1,1,v12.19,4718154977754080839
2025-12-23,12:15:02,SETUP,SELL,M5,25985.00,26005.00,25960.00,25910.00,1,5,-2,-2,108,0.00,0.00,,0,0.00,0.00,0.00,0.00,0,0,1.03,0,1,0,v12.19,4718154977754080839
2025-12-23,13:20:19,SETUP,SELL,M4,25999.50,26019.50,25974.50,25924.50,1,4,0,-2,24,0.00,0.00,,0,0.00,0.00,0.00,0.00,0,0,1.03,0,1,0,v12.19,4718154977754080839
2025-12-23,14:38:41,SETUP,SELL,M5,26013.25,26033.25,25988.25,25938.25,1,5,1,0,-94,0.00,0.00,,0,0.00,0.00,0.00,0.00,0,0,1.03,0,1,0,v12.19,4718154977754080839
2025-12-26,12:48:33,SETUP,BUY,M5,26102.50,26082.50,26127.50,26177.50,1,5,1,-2,246,0.00,0.00,,0,0.00,0.00,0.00,0.00,0,0,1.03,0,1,2,v12.19,4718154977754080839
2025-12-26,15:00:00,SETUP,BUY,M5,26080.50,26060.50,26105.50,26155.50,1,4,1,0,108,0.00,0.00,,0,0.00,0.00,0.00,0.00,0,0,1.03,0,1,2,v12.19,4718154977754080839
2025-12-29,10:31:45,SETUP,SELL,M5,25905.75,25937.25,25873.00,25827.50,1,5,0,0,-216,0.00,0.00,,0,0.00,0.00,0.00,0.00,0,0,1.03,0,1,1,v12.19,4718154977754080839
2025-12-29,12:10:35,SETUP,SELL,M5,25906.25,25930.50,25881.00,25831.25,1,4,-1,0,122,0.00,0.00,,0,0.00,0.00,0.00,0.00,0,0,1.03,0,1,1,v12.19,4718154977754080839
2025-12-29,14:06:39,SETUP,SELL,M5,25971.00,25991.50,25946.00,25896.00,1,4,0,0,254,0.00,0.00,,0,0.00,0.00,0.00,0.00,0,0,1.03,0,1,1,v12.19,4718154977754080839
2025-12-29,14:38:11,SETUP,SELL,M2,25955.00,25975.00,25930.00,25880.00,1,6,-2,0,-220,0.00,0.00,,0,0.00,0.00,0.00,0.00,0,0,1.03,0,1,1,v12.19,4718154977754080839
2025-12-30,10:32:32,SETUP,SELL,M5,25967.00,25989.25,25942.00,25892.00,1,4,0,0,-442,0.00,0.00,,0,0.00,0.00,0.00,0.00,0,0,1.03,0,1,2,v12.19,4718154977754080839
2025-12-30,12:17:58,SETUP,SELL,M5,25944.50,25964.50,25919.50,25869.50,1,4,-1,0,122,0.00,0.00,,0,0.00,0.00,0.00,0.00,0,0,1.03,0,1,1,v12.19,4718154977754080839
2025-12-30,14:23:20,SETUP,SELL,M2,25915.50,25935.50,25890.50,25840.50,1,6,-3,0,-214,0.00,0.00,,0,0.00,0.00,0.00,0.00,0,0,1.03,0,1,1,v12.19,4718154977754080839
2025-12-30,14:40:55,SETUP,SELL,M5,25914.25,25934.25,25889.25,25839.25,1,5,-3,0,-54,0.00,0.00,,0,0.00,0.00,0.00,0.00,0,0,1.03,0,1,1,v12.19,4718154977754080839
2026-01-02,10:54:23,SETUP,BUY,M4,25539.75,25499.75,25584.00,25646.00,1,5,0,4,284,0.00,0.00,,0,0.00,0.00,0.00,0.00,0,0,1.03,0,1,0,v12.19,4718154977754080839
2026-01-02,13:15:42,SETUP,SELL,M5,25586.50,25623.25,25548.25,25495.00,1,4,1,0,-242,0.00,0.00,,0,0.00,0.00,0.00,0.00,0,0,0.97,0,1,2,v12.19,4718154977754080839
2026-01-02,14:40:39,SETUP,SELL,M5,25607.75,25641.25,25573.00,25524.25,1,4,0,0,-160,0.00,0.00,,0,0.00,0.00,0.00,0.00,0,0,0.97,0,1,2,v12.19,4718154977754080839
2026-01-05,10:38:37,SETUP,SELL,M5,25876.75,25904.25,25848.25,25801.75,1,4,0,0,-322,0.00,0.00,,0,0.00,0.00,0.00,0.00,0,0,0.97,0,1,1,v12.19,4718154977754080839
2026-01-05,11:41:24,SETUP,SELL,M5,25827.50,25852.75,25801.25,25752.50,1,4,-1,0,-252,0.00,0.00,,0,0.00,0.00,0.00,0.00,0,0,0.97,0,1,1,v12.19,4718154977754080839
2026-01-05,13:03:51,SETUP,SELL,M5,25811.00,25834.50,25786.00,25736.00,1,5,-1,0,-318,0.00,0.00,,0,0.00,0.00,0.00,0.00,0,0,0.97,0,1,0,v12.19,4718154977754080839
2026-01-05,14:12:23,SETUP,SELL,M4,25807.50,25829.50,25782.50,25732.50,1,5,-1,-2,-18,0.00,0.00,,0,0.00,0.00,0.00,0.00,0,0,0.97,0,1,1,v12.19,4718154977754080839
2026-01-06,10:17:45,SETUP,BUY,M5,25887.75,25861.25,25915.25,25962.75,1,4,0,0,272,0.00,0.00,,0,0.00,0.00,0.00,0.00,0,0,0.97,0,1,1,v12.19,4718154977754080839
2026-01-06,12:39:35,SETUP,BUY,M5,25992.75,25971.25,26017.75,26067.75,1,4,1,0,524,0.00,0.00,,0,0.00,0.00,0.00,0.00,0,0,0.97,0,1,0,v12.19,4718154977754080839
2026-01-06,14:24:46,SETUP,BUY,M5,26025.00,26005.00,26050.00,26100.00,1,4,1,0,36,0.00,0.00,,0,0.00,0.00,0.00,0.00,0,0,0.97,0,1,0,v12.19,4718154977754080839
2026-01-07,10:41:06,SETUP,BUY,M5,26143.00,26119.75,26168.00,26218.00,1,4,0,0,744,0.00,0.00,,0,0.00,0.00,0.00,0.00,0,0,0.97,0,1,0,v12.19,4718154977754080839
2026-01-07,11:39:57,SETUP,BUY,M5,26204.50,26184.50,26229.50,26279.50,1,4,2,-2,326,0.00,0.00,,0,0.00,0.00,0.00,0.00,0,0,0.97,0,1,0,v12.19,4718154977754080839
2026-01-07,13:17:00,SETUP,BUY,M5,26116.50,26093.25,26141.50,26191.50,1,4,-2,0,46,0.00,0.00,,0,0.00,0.00,0.00,0.00,0,0,0.97,0,1,0,v12.19,4718154977754080839
2026-01-07,14:14:29,SETUP,BUY,M4,26088.00,26066.75,26113.00,26163.00,1,5,0,0,294,0.00,0.00,,0,0.00,0.00,0.00,0.00,0,0,0.97,0,1,0,v12.19,4718154977754080839
2026-01-07,14:26:18,SETUP,BUY,M5,26073.00,26052.00,26098.00,26148.00,1,7,0,0,164,0.00,0.00,,0,0.00,0.00,0.00,0.00,0,0,0.97,0,1,1,v12.19,4718154977754080839
2026-01-07,14:31:32,SETUP,BUY,M4,26063.25,26042.25,26088.25,26138.25,1,6,0,0,252,0.00,0.00,,0,0.00,0.00,0.00,0.00,0,0,0.97,0,1,1,v12.19,4718154977754080839
2026-01-07,15:46:59,SETUP,BUY,M5,26055.75,26035.75,26080.75,26130.75,1,6,-1,-2,98,0.00,0.00,,0,0.00,0.00,0.00,0.00,0,0,0.97,0,1,0,v12.19,4718154977754080839
2026-01-08,10:19:35,SETUP,BUY,M5,25867.25,25831.75,25904.25,25955.75,1,4,0,0,182,0.00,0.00,,0,0.00,0.00,0.00,0.00,0,0,0.97,0,1,2,v12.19,4718154977754080839
2026-01-08,12:14:00,SETUP,SELL,M8,25854.25,25862.70,25821.08,25796.25,1,2,-3,0,256,0.00,0.00,,0,0.00,0.00,0.00,0.00,4,2,0.97,0,1,3,v12.19,4718154977754080839
2026-01-08,12:17:22,SETUP,SELL,M8,25872.75,25888.33,25820.87,25795.62,1,2,-2,0,182,0.00,0.00,,0,0.00,0.00,0.00,0.00,4,2,0.97,0,1,3,v12.19,4718154977754080839
2026-01-08,12:21:21,SETUP,SELL,M8,25864.25,25883.06,25820.90,25795.70,1,1,-3,0,-70,0.00,0.00,,0,0.00,0.00,0.00,0.00,4,2,0.97,0,1,3,v12.19,4718154977754080839
2026-01-08,12:27:10,SETUP,SELL,M8,25862.50,25882.09,25821.26,25796.79,1,1,-3,0,60,0.00,0.00,,0,0.00,0.00,0.00,0.00,4,2,0.97,0,1,2,v12.19,4718154977754080839
2026-01-08,12:33:15,SETUP,SELL,M8,25870.00,25884.44,25821.51,25797.54,1,1,-2,0,80,0.00,0.00,,0,0.00,0.00,0.00,0.00,4,2,0.97,0,1,1,v12.19,4718154977754080839
2026-01-08,12:41:43,SETUP,SELL,M8,25879.00,25894.96,25821.48,25797.43,1,3,0,-2,146,0.00,0.00,,0,0.00,0.00,0.00,0.00,4,2,0.97,0,1,1,v12.19,4718154977754080839
2026-01-08,12:49:09,SETUP,SELL,M8,25851.75,25889.64,25821.18,25796.55,1,3,-1,-2,-332,0.00,0.00,,0,0.00,0.00,0.00,0.00,4,2,0.97,0,1,1,v12.19,4718154977754080839
2026-01-08,12:54:52,SETUP,SELL,M8,25841.75,25860.23,25821.46,25797.37,1,2,-1,0,-36,0.00,0.00,,0,0.00,0.00,0.00,0.00,4,2,0.97,0,1,3,v12.19,4718154977754080839
2026-01-08,13:04:04,SETUP,SELL,M8,25860.75,25875.46,25821.49,25797.47,1,2,-1,0,-136,0.00,0.00,,0,0.00,0.00,0.00,0.00,4,2,0.97,0,1,3,v12.19,4718154977754080839
2026-01-08,13:09:18,SETUP,SELL,M8,25828.25,25868.14,25821.18,25796.53,1,2,-1,0,-232,0.00,0.00,,0,0.00,0.00,0.00,0.00,4,2,0.97,0,1,1,v12.19,4718154977754080839
2026-01-08,13:14:06,SETUP,SELL,M8,25818.25,25840.88,25793.25,25768.25,1,1,-1,0,-94,0.00,0.00,,0,0.00,0.00,0.00,0.00,4,2,0.97,0,1,1,v12.19,4718154977754080839
2026-01-08,13:20:25,SETUP,SELL,M8,25839.00,25867.37,25820.81,25795.43,1,3,-3,0,-62,0.00,0.00,,0,0.00,0.00,0.00,0.00,4,2,0.97,0,1,2,v12.19,4718154977754080839
2026-01-08,13:25:04,SETUP,SELL,M8,25852.50,25862.06,25820.90,25795.71,1,0,-1,0,234,0.00,0.00,,0,0.00,0.00,0.00,0.00,4,2,0.97,0,1,3,v12.19,4718154977754080839
2026-01-08,13:31:47,SETUP,SELL,M8,25835.50,25864.77,25820.96,25795.89,1,2,1,0,-108,0.00,0.00,,0,0.00,0.00,0.00,0.00,4,2,0.97,0,1,2,v12.19,4718154977754080839
2026-01-08,13:37:43,SETUP,SELL,M8,25832.00,25848.59,25821.26,25796.78,1,1,-2,0,-16,0.00,0.00,,0,0.00,0.00,0.00,0.00,4,2,0.97,0,1,2,v12.19,4718154977754080839
2026-01-08,13:45:00,SETUP,SELL,M8,25851.50,25858.81,25821.31,25796.94,1,0,0,0,170,0.00,0.00,,0,0.00,0.00,0.00,0.00,4,2,0.97,0,1,2,v12.19,4718154977754080839
2026-01-08,13:52:09,SETUP,SELL,M8,25830.25,25864.62,25821.22,25796.66,1,3,0,0,-230,0.00,0.00,,0,0.00,0.00,0.00,0.00,4,2,0.97,0,1,1,v12.19,4718154977754080839
2026-01-08,14:08:52,SETUP,SELL,M8,25863.50,25874.96,25821.48,25797.45,1,0,0,0,160,0.00,0.00,,0,0.00,0.00,0.00,0.00,4,2,0.97,0,1,3,v12.19,4718154977754080839
2026-01-08,14:13:19,SETUP,SELL,M8,25853.75,25878.10,25821.67,25798.02,1,2,-1,0,-134,0.00,0.00,,0,0.00,0.00,0.00,0.00,4,2,0.97,0,1,2,v12.19,4718154977754080839
2026-01-08,14:19:21,SETUP,SELL,M8,25875.25,25882.37,25821.64,25797.92,1,0,1,0,184,0.00,0.00,,0,0.00,0.00,0.00,0.00,4,2,0.97,0,1,2,v12.19,4718154977754080839
2026-01-08,14:25:41,SETUP,SELL,M8,25886.75,25902.62,25821.64,25797.92,1,0,1,0,308,0.00,0.00,,0,0.00,0.00,0.00,0.00,4,2,0.97,0,1,2,v12.19,4718154977754080839
2026-01-08,14:29:12,SETUP,SELL,M8,25887.75,25905.69,25821.93,25798.80,1,2,0,0,-100,0.00,0.00,,0,0.00,0.00,0.00,0.00,4,2,0.97,0,1,3,v12.19,4718154977754080839
2026-01-08,14:33:15,SETUP,SELL,M8,25905.00,25917.69,25821.94,25798.82,1,0,1,0,154,0.00,0.00,,0,0.00,0.00,0.00,0.00,4,2,0.97,0,1,2,v12.19,4718154977754080839
2026-01-08,14:37:21,SETUP,SELL,M8,25884.75,25914.98,25821.87,25798.62,1,2,0,0,-460,0.00,0.00,,0,0.00,0.00,0.00,0.00,4,2,0.97,0,1,3,v12.19,4718154977754080839
2026-01-08,14:41:27,SETUP,SELL,M8,25890.50,25906.18,25821.95,25798.86,1,0,1,0,124,0.00,0.00,,0,0.00,0.00,0.00,0.00,4,2,0.97,0,1,2,v12.19,4718154977754080839
2026-01-08,14:45:22,SETUP,SELL,M8,25885.00,25910.12,25822.05,25799.16,1,0,1,0,170,0.00,0.00,,0,0.00,0.00,0.00,0.00,4,2,0.97,0,1,1,v12.19,4718154977754080839
2026-01-08,14:50:07,SETUP,SELL,M8,25903.00,25914.17,25821.97,25798.91,1,0,1,0,88,0.00,0.00,,0,0.00,0.00,0.00,0.00,4,2,0.97,0,1,1,v12.19,4718154977754080839
2026-01-08,14:54:27,SETUP,SELL,M8,25906.00,25918.24,25822.27,25799.80,1,2,0,0,-198,0.00,0.00,,0,0.00,0.00,0.00,0.00,4,2,0.97,0,1,1,v12.19,4718154977754080839
2026-01-08,14:57:18,SETUP,SELL,M8,25898.50,25914.53,25822.62,25800.87,1,4,-1,-2,-120,0.00,0.00,,0,0.00,0.00,0.00,0.00,4,2,0.97,0,1,1,v12.19,4718154977754080839
2026-01-08,14:59:27,SETUP,SELL,M8,25895.75,25912.82,25822.97,25801.91,1,2,-1,-2,-64,0.00,0.00,,0,0.00,0.00,0.00,0.00,4,2,0.97,0,1,1,v12.19,4718154977754080839
2026-01-08,14:59:55,SETUP,SELL,M8,25907.00,25913.18,25823.20,25802.59,1,0,-1,0,94,0.00,0.00,,0,0.00,0.00,0.00,0.00,4,2,0.97,0,1,1,v12.19,4718154977754080839
2026-01-08,15:00:23,SETUP,SELL,M8,25898.50,25919.31,25823.41,25803.22,1,5,-1,-4,-174,0.00,0.00,,0,0.00,0.00,0.00,0.00,4,2,0.97,0,1,2,v12.19,4718154977754080839
2026-01-08,15:02:49,SETUP,SELL,M8,25901.50,25911.35,25823.75,25804.25,1,1,-2,0,66,0.00,0.00,,0,0.00,0.00,0.00,0.00,4,2,0.97,0,1,1,v12.19,4718154977754080839
2026-01-08,15:15:11,SETUP,BUY,M5,25939.75,25913.75,25967.00,26014.75,1,4,0,0,694,0.00,0.00,,0,0.00,0.00,0.00,0.00,0,0,0.97,0,1,0,v12.19,4718154977754080839
2026-01-08,15:41:38,SETUP,SELL,M8,25930.00,25960.03,25822.20,25799.61,1,0,1,0,60,0.00,0.00,,0,0.00,0.00,0.00,0.00,4,2,0.97,0,1,1,v12.19,4718154977754080839
2026-01-09,12:05:52,SETUP,BUY,M5,26106.00,26082.00,26131.00,26181.00,1,4,-2,0,166,0.00,0.00,,0,0.00,0.00,0.00,0.00,0,0,0.97,0,1,2,v12.19,4718154977754080839
2026-01-09,12:22:38,SETUP,BUY,M4,26115.25,26093.00,26140.25,26190.25,1,6,0,2,478,0.00,0.00,,0,0.00,0.00,0.00,0.00,0,0,0.97,0,1,1,v12.19,4718154977754080839
2026-01-09,13:42:11,SETUP,BUY,M5,26176.50,26156.50,26201.50,26251.50,1,5,0,-2,262,0.00,0.00,,0,0.00,0.00,0.00,0.00,0,0,0.97,0,1,1,v12.19,4718154977754080839
2026-01-09,14:56:15,SETUP,BUY,M4,26162.25,26142.25,26187.25,26237.25,1,6,0,2,240,0.00,0.00,,0,0.00,0.00,0.00,0.00,0,0,0.97,0,1,1,v12.19,4718154977754080839
2026-01-09,14:59:56,SETUP,BUY,M5,26149.50,26129.50,26174.50,26224.50,1,4,1,2,20,0.00,0.00,,0,0.00,0.00,0.00,0.00,0,0,0.97,0,1,1,v12.19,4718154977754080839
2026-01-12,11:03:07,SETUP,SELL,M4,26166.50,26189.00,26141.50,26091.50,1,6,-1,-4,-166,0.00,0.00,,0,0.00,0.00,0.00,0.00,0,0,0.97,0,1,1,v12.19,4718154977754080839
2026-01-12,11:58:02,SETUP,BUY,M5,26190.00,26168.25,26215.00,26265.00,1,4,1,-2,240,0.00,0.00,,0,0.00,0.00,0.00,0.00,0,0,0.97,0,1,0,v12.19,4718154977754080839
2026-01-12,13:45:38,SETUP,BUY,M5,26217.75,26197.75,26242.75,26292.75,1,4,3,0,-12,0.00,0.00,,0,0.00,0.00,0.00,0.00,0,0,0.97,0,1,0,v12.19,4718154977754080839
2026-01-12,14:26:41,SETUP,BUY,M4,26202.75,26182.75,26227.75,26277.75,1,4,1,0,-10,0.00,0.00,,0,0.00,0.00,0.00,0.00,0,0,0.97,0,1,1,v12.19,4718154977754080839
2026-01-13,11:08:30,SETUP,SELL,M5,26211.75,26235.75,26186.75,26136.75,1,5,2,0,-242,0.00,0.00,,0,0.00,0.00,0.00,0.00,0,0,0.97,0,1,0,v12.19,4718154977754080839
2026-01-13,11:57:12,SETUP,SELL,M5,26085.75,26115.75,26054.50,26010.75,1,4,0,0,314,0.00,0.00,,0,0.00,0.00,0.00,0.00,0,0,0.97,0,1,2,v12.19,4718154977754080839
2026-01-13,12:48:55,SETUP,SELL,M2,26054.75,26085.75,26022.25,25977.25,1,6,-3,0,-418,0.00,0.00,,0,0.00,0.00,0.00,0.00,0,0,0.97,0,1,0,v12.19,4718154977754080839
2026-01-13,12:55:09,SETUP,SELL,M5,26052.75,26083.50,26020.75,25976.25,1,5,-3,0,-126,0.00,0.00,,0,0.00,0.00,0.00,0.00,0,0,0.97,0,1,0,v12.19,4718154977754080839
2026-01-13,13:20:26,SETUP,SELL,M2,26059.50,26088.25,26029.50,25984.50,1,6,-1,0,-82,0.00,0.00,,0,0.00,0.00,0.00,0.00,0,0,0.97,0,1,0,v12.19,4718154977754080839
2026-01-13,13:32:32,SETUP,SELL,M2,26062.75,26090.25,26034.25,25987.75,1,6,0,-2,-248,0.00,0.00,,0,0.00,0.00,0.00,0.00,0,0,0.97,0,1,0,v12.19,4718154977754080839
2026-01-13,14:08:26,SETUP,SELL,M5,26053.75,26081.00,26025.50,25978.75,1,5,-2,0,-458,0.00,0.00,,0,0.00,0.00,0.00,0.00,0,0,0.97,0,1,2,v12.19,4718154977754080839
2026-01-13,15:05:09,SETUP,SELL,M5,26121.75,26143.25,26096.75,26046.75,1,5,2,0,-104,0.00,0.00,,0,0.00,0.00,0.00,0.00,0,0,0.97,0,1,1,v12.19,4718154977754080839
2026-01-14,10:54:31,SETUP,BUY,M5,25667.75,25635.75,25701.25,25747.75,1,6,-1,2,274,0.00,0.00,,0,0.00,0.00,0.00,0.00,0,0,0.97,0,1,1,v12.19,4718154977754080839
2026-01-14,11:50:26,SETUP,BUY,M5,25656.25,25622.00,25692.00,25742.00,1,5,-1,4,86,0.00,0.00,,0,0.00,0.00,0.00,0.00,0,0,0.97,0,1,0,v12.19,4718154977754080839
2026-01-14,11:56:58,SETUP,BUY,M4,25665.50,25632.75,25699.50,25747.25,1,8,0,4,234,0.00,0.00,,0,0.00,0.00,0.00,0.00,0,0,0.97,0,1,0,v12.19,4718154977754080839
2026-01-14,12:50:25,SETUP,BUY,M5,25720.75,25686.50,25756.50,25806.50,1,4,0,0,372,0.00,0.00,,0,0.00,0.00,0.00,0.00,0,0,0.97,0,1,1,v12.19,4718154977754080839
2026-01-14,14:08:19,SETUP,BUY,M5,25776.50,25740.00,25814.50,25867.50,1,4,1,-2,-208,0.00,0.00,,0,0.00,0.00,0.00,0.00,0,0,0.97,0,1,1,v12.19,4718154977754080839
2026-01-14,14:50:42,SETUP,BUY,M5,25785.25,25753.00,25819.00,25865.75,1,4,-2,0,168,0.00,0.00,,0,0.00,0.00,0.00,0.00,0,0,0.97,0,1,1,v12.19,4718154977754080839
2026-01-15,11:17:09,SETUP,BUY,M4,26116.75,26087.50,26147.00,26191.75,1,4,0,2,32,0.00,0.00,,0,0.00,0.00,0.00,0.00,0,0,0.97,0,1,1,v12.19,4718154977754080839
2026-01-15,13:12:21,SETUP,SELL,M5,26043.25,26070.50,26015.00,25968.25,1,4,-3,2,-422,0.00,0.00,,0,0.00,0.00,0.00,0.00,0,0,0.97,0,1,0,v12.19,4718154977754080839
2026-01-15,13:20:19,SETUP,SELL,M2,26030.00,26057.25,26001.75,25955.00,1,6,-3,0,-464,0.00,0.00,,0,0.00,0.00,0.00,0.00,0,0,0.97,0,1,0,v12.19,4718154977754080839
2026-01-15,13:53:56,SETUP,SELL,M5,25963.50,25990.50,25935.50,25888.50,1,4,-1,0,-216,0.00,0.00,,0,0.00,0.00,0.00,0.00,0,0,0.97,0,1,0,v12.19,4718154977754080839
2026-01-15,14:36:03,SETUP,SELL,M5,25911.00,25938.75,25882.25,25836.00,1,5,0,2,-270,0.00,0.00,,0,0.00,0.00,0.00,0.00,0,0,0.97,0,1,0,v12.19,4718154977754080839
2026-01-15,14:38:34,SETUP,BUY,M4,25921.50,25893.50,25950.50,25996.50,1,5,0,4,300,0.00,0.00,,0,0.00,0.00,0.00,0.00,0,0,0.97,0,1,0,v12.19,4718154977754080839
2026-01-16,13:10:33,SETUP,SELL,M5,25908.50,25934.75,25881.25,25833.50,1,4,-2,0,-306,0.00,0.00,,0,0.00,0.00,0.00,0.00,0,0,0.97,0,1,1,v12.19,4718154977754080839
2026-01-16,14:33:22,SETUP,SELL,M5,25920.50,25944.25,25895.50,25845.50,1,5,-2,0,-220,0.00,0.00,,0,0.00,0.00,0.00,0.00,0,0,0.97,0,1,2,v12.19,4718154977754080839
2026-01-19,11:03:45,SETUP,BUY,M5,25601.50,25563.75,25641.00,25696.00,1,5,0,0,218,0.00,0.00,,0,0.00,0.00,0.00,0.00,0,0,0.97,0,1,0,v12.19,4718154977754080839
2026-01-20,10:41:10,SETUP,SELL,M5,25573.00,25611.75,25532.50,25476.00,1,4,-3,0,-340,0.00,0.00,,0,0.00,0.00,0.00,0.00,0,0,0.97,0,1,2,v12.19,4718154977754080839
2026-01-20,11:28:04,SETUP,SELL,M5,25528.75,25563.00,25493.25,25443.50,1,5,-3,0,-262,0.00,0.00,,0,0.00,0.00,0.00,0.00,0,0,0.97,0,1,0,v12.19,4718154977754080839
2026-01-20,12:26:36,SETUP,SELL,M5,25463.00,25494.50,25430.25,25384.50,1,4,-3,0,-136,0.00,0.00,,0,0.00,0.00,0.00,0.00,0,0,0.97,0,1,0,v12.19,4718154977754080839
2026-01-20,13:22:14,SETUP,SELL,M5,25364.50,25394.50,25333.25,25289.50,1,4,-3,2,-94,0.00,0.00,,0,0.00,0.00,0.00,0.00,0,0,0.97,0,1,0,v12.19,4718154977754080839
2026-01-20,13:36:17,SETUP,BUY,M4,25369.50,25340.25,25400.00,25444.50,1,7,0,4,302,0.00,0.00,,0,0.00,0.00,0.00,0.00,0,0,0.97,0,1,1,v12.19,4718154977754080839
2026-01-20,14:09:41,SETUP,BUY,M8,25355.50,25336.82,25373.57,25403.69,1,4,-2,5,78,0.00,0.00,,0,0.00,0.00,0.00,0.00,7,4,0.97,0,1,0,v12.19,4718154977754080839
2026-01-20,14:12:45,SETUP,BUY,M8,25335.50,25320.73,25353.75,25384.18,1,5,-2,5,-316,0.00,0.00,,0,0.00,0.00,0.00,0.00,7,4,0.97,0,1,0,v12.19,4718154977754080839
2026-01-20,14:18:45,SETUP,SELL,M5,25338.50,25369.00,25306.75,25262.25,1,4,-1,2,-498,0.00,0.00,,0,0.00,0.00,0.00,0.00,0,0,0.97,0,1,0,v12.19,4718154977754080839
2026-01-21,11:25:06,SETUP,SELL,M5,25411.50,25445.50,25376.00,25326.50,1,5,-1,0,-112,0.00,0.00,,0,0.00,0.00,0.00,0.00,0,0,0.97,0,1,0,v12.19,4718154977754080839
2026-01-21,11:58:30,SETUP,SELL,M2,25441.75,25479.50,25402.50,25347.75,1,6,-2,-2,-336,0.00,0.00,,0,0.00,0.00,0.00,0.00,0,0,0.97,0,1,3,v12.19,4718154977754080839
2026-01-21,12:02:39,SETUP,SELL,M5,25373.25,25412.50,25332.50,25275.50,1,4,-1,0,-470,0.00,0.00,,0,0.00,0.00,0.00,0.00,0,0,0.97,0,1,0,v12.19,4718154977754080839
2026-01-21,12:50:24,SETUP,SELL,M5,25491.25,25530.75,25450.00,25392.50,1,5,1,-2,-120,0.00,0.00,,0,0.00,0.00,0.00,0.00,0,0,0.97,0,1,0,v12.19,4718154977754080839
2026-01-21,13:50:45,SETUP,SELL,M5,25791.50,25831.50,25747.75,25686.50,1,4,0,0,-348,0.00,0.00,,0,0.00,0.00,0.00,0.00,0,0,0.97,0,1,0,v12.19,4718154977754080839
2026-01-21,14:20:58,SETUP,BUY,M8,25739.25,25723.29,25763.26,25803.28,1,3,-4,3,22,0.00,0.00,,0,0.00,0.00,0.00,0.00,7,4,0.97,0,1,1,v12.19,4718154977754080839
2026-01-21,14:23:40,SETUP,BUY,M8,25738.00,25722.12,25761.84,25801.57,1,3,-2,3,36,0.00,0.00,,0,0.00,0.00,0.00,0.00,7,4,0.97,0,1,1,v12.19,4718154977754080839
2026-01-21,14:26:51,SETUP,BUY,M8,25704.00,25692.24,25728.13,25768.35,1,0,-2,3,-14,0.00,0.00,,0,0.00,0.00,0.00,0.00,7,4,0.97,0,1,3,v12.19,4718154977754080839
2026-01-21,14:48:59,SETUP,SELL,M5,25673.25,25709.25,25635.75,25583.25,1,4,0,4,-198,0.00,0.00,,0,0.00,0.00,0.00,0.00,0,0,0.97,0,1,1,v12.19,4718154977754080839
2026-01-21,15:14:14,SETUP,SELL,M4,25719.00,25749.75,25687.00,25642.50,1,4,0,0,-62,0.00,0.00,,0,0.00,0.00,0.00,0.00,0,0,0.97,0,1,1,v12.19,4718154977754080839
2026-01-22,10:56:43,SETUP,SELL,M5,25879.00,25905.50,25851.25,25804.00,1,4,-1,0,-144,0.00,0.00,,0,0.00,0.00,0.00,0.00,0,0,0.97,0,1,0,v12.19,4718154977754080839
2026-01-22,11:00:25,SETUP,BUY,M4,25890.75,25863.75,25919.00,25965.75,1,4,0,2,398,0.00,0.00,,0,0.00,0.00,0.00,0.00,0,0,0.97,0,1,0,v12.19,4718154977754080839
2026-01-22,12:10:54,SETUP,SELL,M5,25905.25,25931.75,25877.75,25830.25,1,4,-2,0,-114,0.00,0.00,,0,0.00,0.00,0.00,0.00,0,0,0.97,0,1,0,v12.19,4718154977754080839
2026-01-22,13:28:47,SETUP,SELL,M4,25912.50,25936.25,25887.50,25837.50,1,4,-2,0,-372,0.00,0.00,,0,0.00,0.00,0.00,0.00,0,0,0.97,0,1,1,v12.19,4718154977754080839
2026-01-22,13:43:09,SETUP,SELL,M5,25880.50,25904.75,25855.25,25805.50,1,4,-3,2,-4,0.00,0.00,,0,0.00,0.00,0.00,0.00,0,0,0.97,0,1,1,v12.19,4718154977754080839
2026-01-22,14:38:43,SETUP,SELL,M5,25803.00,25826.25,25778.00,25728.00,1,4,-2,0,296,0.00,0.00,,0,0.00,0.00,0.00,0.00,0,0,0.97,0,1,0,v12.19,4718154977754080839
2026-01-22,15:05:25,SETUP,SELL,M2,25854.50,25878.75,25829.25,25779.50,1,6,0,0,-264,0.00,0.00,,0,0.00,0.00,0.00,0.00,0,0,0.97,0,1,2,v12.19,4718154977754080839
2026-01-22,15:38:07,SETUP,SELL,M5,25816.50,25843.00,25788.75,25741.50,1,5,-1,0,-162,0.00,0.00,,0,0.00,0.00,0.00,0.00,0,0,0.97,0,1,1,v12.19,4718154977754080839
2026-01-23,10:36:25,SETUP,BUY,M5,26026.75,26000.00,26054.75,26101.75,1,4,0,0,376,0.00,0.00,,0,0.00,0.00,0.00,0.00,0,0,0.97,0,1,0,v12.19,4718154977754080839
2026-01-23,11:57:59,SETUP,BUY,M5,25906.25,25878.00,25935.75,25981.25,1,4,-1,0,76,0.00,0.00,,0,0.00,0.00,0.00,0.00,0,0,0.97,0,1,0,v12.19,4718154977754080839
2026-01-23,12:49:56,SETUP,BUY,M2,25949.50,25918.75,25981.50,26026.00,1,6,0,2,120,0.00,0.00,,0,0.00,0.00,0.00,0.00,0,0,0.97,0,1,2,v12.19,4718154977754080839
2026-01-23,13:07:47,SETUP,BUY,M5,25970.50,25940.75,26001.50,26045.50,1,4,0,0,-148,0.00,0.00,,0,0.00,0.00,0.00,0.00,0,0,0.97,0,1,1,v12.19,4718154977754080839
2026-01-23,14:34:32,SETUP,BUY,M5,25920.00,25892.25,25949.00,25995.00,1,4,-1,0,148,0.00,0.00,,0,0.00,0.00,0.00,0.00,0,0,0.97,0,1,1,v12.19,4718154977754080839
2026-01-23,15:19:52,SETUP,BUY,M4,25898.50,25873.25,25924.75,25973.50,1,7,0,4,202,0.00,0.00,,0,0.00,0.00,0.00,0.00,0,0,0.97,0,1,0,v12.19,4718154977754080839
2026-01-26,10:25:43,SETUP,BUY,M5,26114.50,26087.25,26142.75,26189.50,1,4,0,0,302,0.00,0.00,,0,0.00,0.00,0.00,0.00,0,0,0.97,0,1,0,v12.19,4718154977754080839
2026-01-26,15:13:34,SETUP,BUY,M5,26081.25,26061.25,26106.25,26156.25,1,5,0,-2,120,0.00,0.00,,0,0.00,0.00,0.00,0.00,0,0,0.97,0,1,2,v12.19,4718154977754080839
2026-01-27,11:23:20,SETUP,BUY,M5,26290.50,26270.50,26315.50,26365.50,1,4,1,0,298,0.00,0.00,,0,0.00,0.00,0.00,0.00,0,0,0.97,0,1,1,v12.19,4718154977754080839
2026-01-27,14:58:05,SETUP,BUY,M5,26284.75,26264.75,26309.75,26359.75,1,4,-1,0,134,0.00,0.00,,0,0.00,0.00,0.00,0.00,0,0,0.97,0,1,2,v12.19,4718154977754080839
2026-01-28,11:54:37,SETUP,SELL,M4,26354.75,26380.25,26328.25,26279.75,1,4,0,-2,-260,0.00,0.00,,0,0.00,0.00,0.00,0.00,0,0,0.97,0,1,1,v12.19,4718154977754080839
2026-01-28,13:35:35,SETUP,BUY,M5,26374.25,26335.75,26414.25,26470.25,1,4,0,-2,82,0.00,0.00,,0,0.00,0.00,0.00,0.00,0,0,0.97,0,1,2,v12.19,4718154977754080839
2026-01-28,14:10:40,SETUP,SELL,M4,26399.00,26435.00,26361.50,26309.25,1,4,0,-4,-348,0.00,0.00,,0,0.00,0.00,0.00,0.00,0,0,0.97,0,1,1,v12.19,4718154977754080839
2026-01-29,11:01:49,SETUP,BUY,M5,25958.25,25920.50,25997.50,26052.25,1,4,1,0,124,0.00,0.00,,0,0.00,0.00,0.00,0.00,0,0,0.97,0,1,0,v12.19,4718154977754080839
2026-01-29,11:34:18,SETUP,BUY,M2,26082.50,26044.75,26122.00,26176.75,1,6,2,0,582,0.00,0.00,,0,0.00,0.00,0.00,0.00,0,0,0.97,0,1,0,v12.19,4718154977754080839
2026-01-29,11:47:56,SETUP,BUY,M4,26011.00,25972.25,26051.25,26107.50,1,4,1,2,78,0.00,0.00,,0,0.00,0.00,0.00,0.00,0,0,0.97,0,1,1,v12.19,4718154977754080839
2026-01-29,11:50:21,SETUP,BUY,M5,25978.75,25938.75,26020.75,26079.50,1,5,0,2,-124,0.00,0.00,,0,0.00,0.00,0.00,0.00,0,0,0.97,0,1,1,v12.19,4718154977754080839
2026-01-29,12:45:30,SETUP,BUY,M5,26080.50,26042.75,26119.75,26174.50,1,5,0,0,20,0.00,0.00,,0,0.00,0.00,0.00,0.00,0,0,0.97,0,1,0,v12.19,4718154977754080839
2026-01-29,13:00:30,SETUP,BUY,M2,26062.00,26024.75,26100.75,26154.75,1,7,1,2,226,0.00,0.00,,0,0.00,0.00,0.00,0.00,0,0,0.97,0,1,2,v12.19,4718154977754080839
2026-01-29,13:50:00,SETUP,BUY,M2,26073.00,26037.75,26109.50,26160.75,1,6,1,2,286,0.00,0.00,,0,0.00,0.00,0.00,0.00,0,0,0.97,0,1,1,v12.19,4718154977754080839
2026-01-29,14:08:16,SETUP,BUY,M5,26083.50,26049.75,26118.75,26168.00,1,4,0,0,-146,0.00,0.00,,0,0.00,0.00,0.00,0.00,0,0,0.97,0,1,0,v12.19,4718154977754080839
2026-01-29,14:59:30,SETUP,BUY,M5,26212.00,26185.00,26240.00,26287.00,1,4,2,0,-254,0.00,0.00,,0,0.00,0.00,0.00,0.00,0,0,0.97,0,1,0,v12.19,4718154977754080839
2026-01-30,11:12:03,SETUP,SELL,M5,25906.50,25946.50,25864.00,25804.50,1,4,-3,0,-228,0.00,0.00,,0,0.00,0.00,0.00,0.00,0,0,0.97,0,1,0,v12.19,4718154977754080839
2026-01-30,11:22:55,SETUP,SELL,M4,25971.50,26011.50,25928.50,25868.25,1,5,-1,-2,-54,0.00,0.00,,0,0.00,0.00,0.00,0.00,0,0,0.97,0,1,1,v12.19,4718154977754080839
2026-01-30,11:58:15,SETUP,SELL,M5,25889.00,25929.00,25842.25,25777.00,1,5,-1,0,-180,0.00,0.00,,0,0.00,0.00,0.00,0.00,0,0,0.97,0,1,0,v12.19,4718154977754080839
2026-01-30,12:36:37,SETUP,SELL,M5,25834.25,25874.25,25790.00,25728.50,1,5,0,0,-74,0.00,0.00,,0,0.00,0.00,0.00,0.00,0,0,0.97,0,1,0,v12.19,4718154977754080839
2026-01-30,12:54:12,SETUP,SELL,M8,25943.75,25957.94,25917.63,25874.09,1,6,-1,-5,-40,0.00,0.00,,0,0.00,0.00,0.00,0.00,7,4,0.97,0,1,3,v12.19,4718154977754080839
2026-01-30,12:56:25,SETUP,SELL,M8,25974.00,25986.40,25947.43,25903.14,1,7,1,-5,202,0.00,0.00,,0,0.00,0.00,0.00,0.00,7,4,0.97,0,1,3,v12.19,4718154977754080839
2026-01-30,13:20:15,SETUP,SELL,M5,25954.00,25993.00,25913.50,25857.00,1,6,-2,0,76,0.00,0.00,,0,0.00,0.00,0.00,0.00,0,0,0.97,0,1,2,v12.19,4718154977754080839
2026-02-02,12:40:10,SETUP,BUY,M5,26147.00,26120.25,26175.00,26222.00,1,5,1,-2,186,0.00,0.00,,0,0.00,0.00,0.00,0.00,0,0,0.97,0,1,0,v12.19,4718154977754080839
2026-02-03,11:20:47,SETUP,BUY,M5,25658.75,25618.75,25700.25,25758.25,1,5,-1,0,424,0.00,0.00,,0,0.00,0.00,0.00,0.00,0,0,0.97,0,1,1,v12.19,4718154977754080839
2026-02-03,12:05:37,SETUP,BUY,M5,25616.75,25578.50,25656.50,25712.25,1,4,-1,0,422,0.00,0.00,,0,0.00,0.00,0.00,0.00,0,0,0.97,0,1,1,v12.19,4718154977754080839
2026-02-03,12:55:05,SETUP,BUY,M8,25477.00,25460.81,25505.59,25806.81,1,5,-2,3,34,0.00,0.00,,0,0.00,0.00,0.00,0.00,6,3,0.97,0,1,0,v12.19,4718154977754080839
2026-02-03,13:07:55,SETUP,BUY,M4,25460.25,25424.75,25497.25,25549.00,1,7,0,4,334,0.00,0.00,,0,0.00,0.00,0.00,0.00,0,0,0.97,0,1,1,v12.19,4718154977754080839
2026-02-03,13:30:20,SETUP,BUY,M5,25505.25,25466.75,25545.25,25601.00,1,5,-1,0,14,0.00,0.00,,0,0.00,0.00,0.00,0.00,0,0,0.97,0,1,1,v12.19,4718154977754080839
2026-02-03,14:18:55,SETUP,SELL,M4,25504.75,25544.75,25460.00,25397.75,1,4,-2,-2,-474,0.00,0.00,,0,0.00,0.00,0.00,0.00,0,0,0.97,0,1,1,v12.19,4718154977754080839
2026-02-03,14:21:09,SETUP,BUY,M5,25539.25,25499.25,25584.50,25647.50,1,4,-2,-2,106,0.00,0.00,,0,0.00,0.00,0.00,0.00,0,0,0.97,0,1,0,v12.19,4718154977754080839
2026-02-03,14:25:13,SETUP,SELL,M4,25538.75,25578.75,25495.25,25434.50,1,5,-2,-4,88,0.00,0.00,,0,0.00,0.00,0.00,0.00,0,0,0.97,0,1,0,v12.19,4718154977754080839
2026-02-03,14:55:48,SETUP,SELL,M4,25645.50,25683.50,25605.75,25550.50,1,5,-2,-4,-282,0.00,0.00,,0,0.00,0.00,0.00,0.00,0,0,0.97,0,1,1,v12.19,4718154977754080839
2026-02-03,14:59:55,SETUP,SELL,M4,25655.75,25688.75,25621.25,25573.50,1,5,-2,-4,-368,0.00,0.00,,0,0.00,0.00,0.00,0.00,0,0,0.97,0,1,0,v12.19,4718154977754080839
2026-02-03,15:04:00,SETUP,SELL,M4,25660.00,25693.75,25624.75,25575.75,1,4,-2,-4,-106,0.00,0.00,,0,0.00,0.00,0.00,0.00,0,0,0.97,0,1,0,v12.19,4718154977754080839
2026-02-03,15:08:02,SETUP,BUY,M5,25667.25,25634.50,25701.25,25748.75,1,4,0,0,372,0.00,0.00,,0,0.00,0.00,0.00,0.00,0,0,0.97,0,1,0,v12.19,4718154977754080839
2026-02-03,15:15:00,SETUP,SELL,M4,25608.75,25646.25,25569.75,25515.25,1,5,-2,-4,-236,0.00,0.00,,0,0.00,0.00,0.00,0.00,0,0,0.97,0,1,0,v12.19,4718154977754080839
2026-02-04,10:23:21,SETUP,BUY,M5,25326.00,25286.00,25376.00,25451.00,1,4,-1,0,88,0.00,0.00,,0,0.00,0.00,0.00,0.00,0,0,0.97,0,1,1,v12.19,4718154977754080839
2026-02-04,11:01:44,SETUP,BUY,M5,25256.25,25216.25,25304.00,25370.50,1,4,-1,0,238,0.00,0.00,,0,0.00,0.00,0.00,0.00,0,0,0.97,0,1,2,v12.19,4718154977754080839
2026-02-04,11:38:15,SETUP,BUY,M5,25014.75,24974.75,25064.75,25139.75,1,5,-1,2,184,0.00,0.00,,0,0.00,0.00,0.00,0.00,0,0,0.97,0,1,0,v12.19,4718154977754080839
2026-02-04,11:50:17,SETUP,BUY,M4,25022.75,24982.75,25072.75,25147.75,1,5,0,2,444,0.00,0.00,,0,0.00,0.00,0.00,0.00,0,0,0.97,0,1,1,v12.19,4718154977754080839
2026-02-04,12:16:56,SETUP,BUY,M5,25039.50,24999.50,25089.50,25161.00,1,4,0,2,76,0.00,0.00,,0,0.00,0.00,0.00,0.00,0,0,0.88,0,1,0,v12.19,4718154977754080839
2026-02-04,13:02:09,SETUP,BUY,M5,25113.50,25073.50,25163.50,25238.50,1,4,0,0,-156,0.00,0.00,,0,0.00,0.00,0.00,0.00,0,0,0.88,0,1,1,v12.19,4718154977754080839
2026-02-04,13:35:12,SETUP,SELL,M8,25209.75,25242.72,25169.20,25128.50,1,3,-1,-3,30,0.00,0.00,,0,0.00,0.00,0.00,0.00,6,3,0.88,0,1,0,v12.19,4718154977754080839
2026-02-04,13:46:16,SETUP,BUY,M5,25260.50,25220.50,25309.50,25378.00,1,4,0,0,336,0.00,0.00,,0,0.00,0.00,0.00,0.00,0,0,0.88,0,1,1,v12.19,4718154977754080839
2026-02-04,14:33:42,SETUP,BUY,M5,25290.50,25250.50,25335.25,25397.75,1,4,0,0,76,0.00,0.00,,0,0.00,0.00,0.00,0.00,0,0,0.88,0,1,0,v12.19,4718154977754080839
2026-02-05,10:30:28,SETUP,SELL,M4,24990.25,25030.25,24940.25,24865.25,1,4,0,0,-120,0.00,0.00,,0,0.00,0.00,0.00,0.00,0,0,0.88,0,1,1,v12.19,4718154977754080839
2026-02-05,10:42:36,SETUP,SELL,M5,24992.50,25032.50,24942.50,24867.50,1,7,-2,-2,-92,0.00,0.00,,0,0.00,0.00,0.00,0.00,0,0,0.88,0,1,0,v12.19,4718154977754080839
2026-02-05,10:54:36,SETUP,SELL,M4,25004.75,25044.75,24954.75,24879.75,1,7,-2,-4,-168,0.00,0.00,,0,0.00,0.00,0.00,0.00,0,0,0.88,0,1,0,v12.19,4718154977754080839
2026-02-05,11:21:08,SETUP,BUY,M4,25006.25,24966.25,25056.25,25131.25,1,4,0,2,320,0.00,0.00,,0,0.00,0.00,0.00,0.00,0,0,0.88,0,1,0,v12.19,4718154977754080839
2026-02-05,11:26:25,SETUP,SELL,M5,25055.25,25095.25,25005.25,24930.25,1,5,1,-2,-212,0.00,0.00,,0,0.00,0.00,0.00,0.00,0,0,0.88,0,1,0,v12.19,4718154977754080839
2026-02-05,12:23:25,SETUP,SELL,M5,24939.00,24979.00,24889.00,24814.00,1,4,-3,2,82,0.00,0.00,,0,0.00,0.00,0.00,0.00,0,0,0.88,0,1,1,v12.19,4718154977754080839
2026-02-05,13:23:45,SETUP,SELL,M2,24987.25,25027.25,24937.25,24862.25,1,7,0,-2,-352,0.00,0.00,,0,0.00,0.00,0.00,0.00,0,0,0.88,0,1,2,v12.19,4718154977754080839
2026-02-05,13:27:03,SETUP,SELL,M5,24946.25,24986.25,24896.25,24821.25,1,4,0,0,-78,0.00,0.00,,0,0.00,0.00,0.00,0.00,0,0,0.88,0,1,1,v12.19,4718154977754080839
2026-02-05,14:29:08,SETUP,BUY,M4,24857.00,24817.00,24906.25,24975.00,1,6,0,4,504,0.00,0.00,,0,0.00,0.00,0.00,0.00,0,0,0.88,0,1,1,v12.19,4718154977754080839
2026-02-05,14:33:52,SETUP,SELL,M5,24836.50,24876.50,24788.25,24721.25,1,4,-1,4,-44,0.00,0.00,,0,0.00,0.00,0.00,0.00,0,0,0.88,0,1,2,v12.19,4718154977754080839
2026-02-05,15:01:17,SETUP,SELL,M5,24846.25,24886.25,24796.25,24723.75,1,4,-2,0,-326,0.00,0.00,,0,0.00,0.00,0.00,0.00,0,0,0.88,0,1,2,v12.19,4718154977754080839
2026-02-06,10:25:31,SETUP,SELL,M5,25195.25,25235.25,25150.75,25088.75,1,4,0,0,-398,0.00,0.00,,0,0.00,0.00,0.00,0.00,0,0,0.88,0,1,0,v12.19,4718154977754080839
2026-02-06,11:10:10,SETUP,SELL,M4,25258.00,25295.75,25218.75,25164.00,1,5,0,-2,-282,0.00,0.00,,0,0.00,0.00,0.00,0.00,0,0,0.88,0,1,0,v12.19,4718154977754080839
2026-02-06,11:14:17,SETUP,SELL,M5,25258.25,25295.25,25219.75,25165.75,1,4,0,-2,-108,0.00,0.00,,0,0.00,0.00,0.00,0.00,0,0,0.88,0,1,0,v12.19,4718154977754080839
2026-02-06,11:18:56,SETUP,SELL,M4,25251.00,25288.25,25212.25,25158.00,1,6,0,-2,-6,0.00,0.00,,0,0.00,0.00,0.00,0.00,0,0,0.97,0,1,0,v12.19,4718154977754080839
2026-02-06,12:23:53,SETUP,SELL,M5,25288.00,25321.25,25253.50,25205.25,1,4,1,2,-182,0.00,0.00,,0,0.00,0.00,0.00,0.00,0,0,0.97,0,1,1,v12.19,4718154977754080839
2026-02-06,14:22:05,SETUP,SELL,M5,25330.75,25359.50,25300.75,25255.75,1,5,-1,-4,22,0.00,0.00,,0,0.00,0.00,0.00,0.00,0,0,0.97,0,1,1,v12.19,4718154977754080839
2026-02-06,15:12:03,SETUP,SELL,M5,25325.50,25354.25,25295.50,25250.50,1,4,-1,0,-96,0.00,0.00,,0,0.00,0.00,0.00,0.00,0,0,0.97,0,1,2,v12.19,4718154977754080839
2026-02-09,11:31:00,SETUP,BUY,M4,25610.25,25585.25,25636.25,25685.25,1,4,1,2,120,0.00,0.00,,0,0.00,0.00,0.00,0.00,0,0,0.97,0,1,0,v12.19,4718154977754080839
2026-02-09,12:05:40,SETUP,BUY,M5,25588.75,25563.50,25615.00,25663.75,1,4,1,0,292,0.00,0.00,,0,0.00,0.00,0.00,0.00,0,0,0.97,0,1,1,v12.19,4718154977754080839
2026-02-09,13:25:35,SETUP,SELL,M8,25627.00,25643.37,25609.07,25579.19,1,4,3,-5,-52,0.00,0.00,,0,0.00,0.00,0.00,0.00,7,4,0.97,0,1,2,v12.19,4718154977754080839
2026-02-09,13:31:28,SETUP,SELL,M8,25636.50,25648.39,25619.06,25590.00,1,4,3,-5,56,0.00,0.00,,0,0.00,0.00,0.00,0.00,7,4,0.97,0,1,2,v12.19,4718154977754080839
2026-02-09,14:32:18,SETUP,BUY,M5,25564.25,25538.00,25591.75,25639.25,1,4,-1,0,12,0.00,0.00,,0,0.00,0.00,0.00,0.00,0,0,0.97,0,1,2,v12.19,4718154977754080839
2026-02-10,11:09:06,SETUP,BUY,M5,25568.50,25533.00,25605.50,25657.25,1,4,2,0,582,0.00,0.00,,0,0.00,0.00,0.00,0.00,0,0,0.97,0,1,1,v12.19,4718154977754080839
2026-02-10,12:34:25,SETUP,BUY,M5,25502.50,25470.50,25535.75,25582.25,1,5,-1,0,196,0.00,0.00,,0,0.00,0.00,0.00,0.00,0,0,0.97,0,1,1,v12.19,4718154977754080839
2026-02-10,13:53:38,SETUP,BUY,M5,25503.25,25472.75,25535.00,25579.25,1,5,0,0,152,0.00,0.00,,0,0.00,0.00,0.00,0.00,0,0,0.97,0,1,0,v12.19,4718154977754080839
2026-02-10,14:59:38,SETUP,BUY,M5,25431.50,25404.50,25459.50,25506.50,1,4,1,0,226,0.00,0.00,,0,0.00,0.00,0.00,0.00,0,0,0.97,0,1,0,v12.19,4718154977754080839
2026-02-11,10:28:23,SETUP,SELL,M5,25402.50,25442.50,25353.00,25284.00,1,5,0,0,-156,0.00,0.00,,0,0.00,0.00,0.00,0.00,0,0,0.97,0,1,1,v12.19,4718154977754080839
2026-02-11,11:52:42,SETUP,SELL,M5,25486.50,25526.50,25442.00,25379.75,1,4,2,0,-264,0.00,0.00,,0,0.00,0.00,0.00,0.00,0,0,0.97,0,1,1,v12.19,4718154977754080839
2026-02-11,13:03:05,SETUP,SELL,M5,25503.00,25542.50,25461.75,25404.50,1,4,0,0,-164,0.00,0.00,,0,0.00,0.00,0.00,0.00,0,0,0.97,0,1,0,v12.19,4718154977754080839
2026-02-11,14:35:00,SETUP,SELL,M5,25513.75,25550.25,25475.75,25422.75,1,4,2,0,496,0.00,0.00,,0,0.00,0.00,0.00,0.00,0,0,0.97,0,1,2,v12.19,4718154977754080839
2026-02-12,10:22:25,SETUP,BUY,M4,25110.75,25073.00,25150.00,25204.75,1,4,0,0,334,0.00,0.00,,0,0.00,0.00,0.00,0.00,0,0,0.97,0,1,0,v12.19,4718154977754080839
2026-02-12,10:26:06,SETUP,BUY,M4,25068.25,25029.50,25108.75,25165.25,1,4,0,0,268,0.00,0.00,,0,0.00,0.00,0.00,0.00,0,0,0.97,0,1,0,v12.19,4718154977754080839
2026-02-12,13:11:30,SETUP,BUY,M5,25080.25,25040.25,25124.50,25186.25,1,6,1,2,226,0.00,0.00,,0,0.00,0.00,0.00,0.00,0,0,0.97,0,1,1,v12.19,4718154977754080839
2026-02-12,14:52:55,SETUP,BUY,M5,24982.50,24948.50,25018.00,25067.25,1,4,-1,0,270,0.00,0.00,,0,0.00,0.00,0.00,0.00,0,0,0.97,0,1,1,v12.19,4718154977754080839
2026-02-13,12:49:50,SETUP,BUY,M5,25150.50,25110.50,25197.25,25262.75,1,4,-1,0,-152,0.00,0.00,,0,0.00,0.00,0.00,0.00,0,0,0.97,0,1,2,v12.19,4718154977754080839
2026-02-13,14:13:24,SETUP,BUY,M5,25041.50,25001.50,25083.75,25142.50,1,4,-1,0,8,0.00,0.00,,0,0.00,0.00,0.00,0.00,0,0,0.97,0,1,1,v12.19,4718154977754080839
2026-02-13,14:58:04,SETUP,BUY,M5,25018.75,24981.25,25057.75,25112.25,1,4,0,-2,334,0.00,0.00,,0,0.00,0.00,0.00,0.00,0,0,0.97,0,1,1,v12.19,4718154977754080839
2026-02-16,10:36:50,SETUP,BUY,M4,24904.50,24864.50,24954.50,25029.50,1,4,0,0,-12,0.00,0.00,,0,0.00,0.00,0.00,0.00,0,0,0.97,0,1,1,v12.19,4718154977754080839
2026-02-16,10:44:10,SETUP,BUY,M5,24945.50,24905.50,24995.50,25070.50,1,5,0,0,102,0.00,0.00,,0,0.00,0.00,0.00,0.00,0,0,0.97,0,1,1,v12.19,4718154977754080839
2026-02-17,10:33:14,SETUP,BUY,M5,24958.00,24918.00,25005.75,25072.25,1,5,1,2,492,0.00,0.00,,0,0.00,0.00,0.00,0.00,0,0,0.97,0,1,0,v12.19,4718154977754080839
2026-02-17,11:39:13,SETUP,BUY,M5,24904.00,24864.00,24954.00,25029.00,1,6,0,4,392,0.00,0.00,,0,0.00,0.00,0.00,0.00,0,0,0.97,0,1,1,v12.19,4718154977754080839
2026-02-17,12:40:57,SETUP,SELL,M4,25045.75,25085.75,24995.75,24920.75,1,7,-2,-4,-406,0.00,0.00,,0,0.00,0.00,0.00,0.00,0,0,0.97,0,1,1,v12.19,4718154977754080839
2026-02-17,12:56:18,SETUP,SELL,M4,25055.00,25095.00,25005.00,24933.50,1,6,0,-4,-296,0.00,0.00,,0,0.00,0.00,0.00,0.00,0,0,0.97,0,1,1,v12.19,4718154977754080839
2026-02-17,13:12:00,SETUP,BUY,M2,25056.50,25016.50,25103.00,25168.00,1,6,0,0,386,0.00,0.00,,0,0.00,0.00,0.00,0.00,0,0,0.97,0,1,1,v12.19,4718154977754080839
2026-02-17,13:19:36,SETUP,BUY,M2,25076.50,25036.50,25121.25,25183.75,1,6,1,-2,260,0.00,0.00,,0,0.00,0.00,0.00,0.00,0,0,0.97,0,1,0,v12.19,4718154977754080839
2026-02-17,13:29:02,SETUP,BUY,M5,25069.25,25029.25,25113.50,25175.00,1,6,2,0,116,0.00,0.00,,0,0.00,0.00,0.00,0.00,0,0,0.97,0,1,0,v12.19,4718154977754080839
2026-02-17,14:37:26,SETUP,BUY,M5,24962.00,24928.75,24996.50,25044.75,1,5,-1,0,610,0.00,0.00,,0,0.00,0.00,0.00,0.00,0,0,0.97,0,1,1,v12.19,4718154977754080839
2026-02-18,11:04:44,SETUP,BUY,M5,25324.25,25296.50,25353.25,25399.25,1,4,1,0,384,0.00,0.00,,0,0.00,0.00,0.00,0.00,0,0,0.97,0,1,1,v12.19,4718154977754080839
2026-02-18,13:44:28,SETUP,BUY,M5,25149.75,25116.75,25184.25,25232.25,1,4,-2,0,164,0.00,0.00,,0,0.00,0.00,0.00,0.00,0,0,0.97,0,1,0,v12.19,4718154977754080839
2026-02-18,14:34:39,SETUP,BUY,M5,25135.50,25103.75,25168.50,25214.50,1,5,0,-2,102,0.00,0.00,,0,0.00,0.00,0.00,0.00,0,0,0.97,0,1,0,v12.19,4718154977754080839
2026-02-19,11:17:10,SETUP,SELL,M5,25091.25,25131.25,25049.75,24991.75,1,5,0,0,292,0.00,0.00,,0,0.00,0.00,0.00,0.00,0,0,0.97,0,1,2,v12.19,4718154977754080839
2026-02-19,12:16:34,SETUP,SELL,M5,24985.50,25025.50,24943.75,24885.75,1,4,-1,0,-464,0.00,0.00,,0,0.00,0.00,0.00,0.00,0,0,0.97,0,1,0,v12.19,4718154977754080839
2026-02-19,13:36:24,SETUP,SELL,M5,24984.25,25022.00,24945.00,24890.00,1,4,0,0,-176,0.00,0.00,,0,0.00,0.00,0.00,0.00,0,0,0.97,0,1,0,v12.19,4718154977754080839
2026-02-19,14:48:11,SETUP,SELL,M4,25033.50,25066.00,24999.50,24952.25,1,5,-2,-2,-204,0.00,0.00,,0,0.00,0.00,0.00,0.00,0,0,0.97,0,1,1,v12.19,4718154977754080839
2026-02-19,14:51:23,SETUP,SELL,M5,25049.25,25081.50,25015.50,24968.75,1,6,0,-4,-10,0.00,0.00,,0,0.00,0.00,0.00,0.00,0,0,0.97,0,1,1,v12.19,4718154977754080839
2026-02-19,14:59:29,SETUP,SELL,M4,25064.75,25094.75,25033.50,24989.75,1,7,-1,-4,-524,0.00,0.00,,0,0.00,0.00,0.00,0.00,0,0,0.97,0,1,0,v12.19,4718154977754080839
2026-02-19,15:05:36,SETUP,SELL,M2,25066.25,25094.00,25037.50,24991.25,1,7,-1,-4,42,0.00,0.00,,0,0.00,0.00,0.00,0.00,0,0,0.97,0,1,3,v12.19,4718154977754080839
2026-02-19,15:16:51,SETUP,SELL,M2,25060.00,25089.00,25029.75,24985.00,1,9,-1,-4,204,0.00,0.00,,0,0.00,0.00,0.00,0.00,0,0,0.97,0,1,3,v12.19,4718154977754080839
2026-02-20,10:31:50,SETUP,BUY,M5,25247.50,25207.50,25297.25,25366.75,1,4,0,0,478,0.00,0.00,,0,0.00,0.00,0.00,0.00,0,0,0.97,0,1,2,v12.19,4718154977754080839
2026-02-20,11:16:00,SETUP,BUY,M5,25172.75,25132.75,25216.50,25277.75,1,6,-2,0,256,0.00,0.00,,0,0.00,0.00,0.00,0.00,0,0,0.97,0,1,0,v12.19,4718154977754080839
2026-02-20,11:43:16,SETUP,BUY,M2,25198.75,25158.75,25246.50,25313.00,1,6,0,0,132,0.00,0.00,,0,0.00,0.00,0.00,0.00,0,0,0.97,0,1,2,v12.19,4718154977754080839
2026-02-20,11:53:48,SETUP,SELL,M4,25201.00,25241.00,25151.00,25076.00,1,5,-1,-4,-206,0.00,0.00,,0,0.00,0.00,0.00,0.00,0,0,0.97,0,1,1,v12.19,4718154977754080839
2026-02-20,11:55:16,SETUP,BUY,M5,25239.00,25199.00,25289.00,25364.00,1,4,2,-2,236,0.00,0.00,,0,0.00,0.00,0.00,0.00,0,0,0.97,0,1,1,v12.19,4718154977754080839
2026-02-20,12:20:13,SETUP,BUY,M4,25202.25,25162.25,25252.25,25327.25,1,8,2,2,120,0.00,0.00,,0,0.00,0.00,0.00,0.00,0,0,0.97,0,1,1,v12.19,4718154977754080839
2026-02-20,12:30:00,SETUP,BUY,M4,25208.25,25168.25,25258.25,25333.25,1,6,0,2,58,0.00,0.00,,0,0.00,0.00,0.00,0.00,0,0,0.97,0,1,1,v12.19,4718154977754080839
2026-02-20,12:37:21,SETUP,BUY,M5,25234.25,25194.25,25284.25,25359.25,1,4,2,0,-172,0.00,0.00,,0,0.00,0.00,0.00,0.00,0,0,0.97,0,1,0,v12.19,4718154977754080839
2026-02-20,15:01:12,SETUP,SELL,M8,25291.75,25307.65,25272.69,25240.92,1,7,0,-5,-180,0.00,0.00,,0,0.00,0.00,0.00,0.00,7,4,0.97,0,1,3,v12.19,4718154977754080839
2026-02-20,15:05:22,SETUP,SELL,M8,25286.25,25308.11,25267.80,25237.05,1,6,2,-5,244,0.00,0.00,,0,0.00,0.00,0.00,0.00,7,4,0.97,0,1,2,v12.19,4718154977754080839
2026-02-23,10:53:35,SETUP,SELL,M5,24950.75,24985.50,24914.75,24864.25,1,4,-1,0,-132,0.00,0.00,,0,0.00,0.00,0.00,0.00,0,0,0.97,0,1,1,v12.19,4718154977754080839
2026-02-23,12:07:24,SETUP,SELL,M5,24988.00,25019.75,24955.00,24908.75,1,4,1,0,-166,0.00,0.00,,0,0.00,0.00,0.00,0.00,0,0,0.97,0,1,1,v12.19,4718154977754080839
2026-02-23,13:15:49,SETUP,SELL,M5,24941.25,24971.75,24909.50,24865.00,1,4,-2,4,-180,0.00,0.00,,0,0.00,0.00,0.00,0.00,0,0,0.97,0,1,2,v12.19,4718154977754080839
2026-02-23,14:26:53,SETUP,SELL,M5,24930.00,24956.75,24902.25,24855.00,1,5,-1,0,270,0.00,0.00,,0,0.00,0.00,0.00,0.00,0,0,0.97,0,1,0,v12.19,4718154977754080839
2026-02-23,14:49:08,SETUP,SELL,M4,24948.50,24975.75,24920.00,24873.50,1,7,-2,-4,-110,0.00,0.00,,0,0.00,0.00,0.00,0.00,0,0,0.97,0,1,1,v12.19,4718154977754080839
2026-02-23,15:00:17,SETUP,SELL,M5,24987.50,25012.50,24961.50,24912.50,1,5,-1,-4,-74,0.00,0.00,,0,0.00,0.00,0.00,0.00,0,0,0.97,0,1,1,v12.19,4718154977754080839
2026-02-23,15:14:19,SETUP,SELL,M4,24990.25,25014.25,24965.25,24915.25,1,7,0,-4,214,0.00,0.00,,0,0.00,0.00,0.00,0.00,0,0,0.97,0,1,0,v12.19,4718154977754080839
2026-02-24,12:32:59,SETUP,BUY,M5,25260.25,25233.50,25288.25,25335.25,1,4,-2,0,136,0.00,0.00,,0,0.00,0.00,0.00,0.00,0,0,0.97,0,1,2,v12.19,4718154977754080839
2026-02-24,14:42:41,SETUP,BUY,M5,25246.00,25220.25,25273.00,25321.00,1,5,0,-2,550,0.00,0.00,,0,0.00,0.00,0.00,0.00,0,0,0.97,0,1,1,v12.19,4718154977754080839
2026-02-24,14:59:57,SETUP,BUY,M2,25247.00,25223.50,25272.00,25322.00,1,6,2,2,434,0.00,0.00,,0,0.00,0.00,0.00,0.00,0,0,0.97,0,1,3,v12.19,4718154977754080839
2026-02-25,11:50:07,SETUP,BUY,M5,25558.00,25535.75,25583.00,25633.00,1,4,3,0,162,0.00,0.00,,0,0.00,0.00,0.00,0.00,0,0,0.97,0,1,0,v12.19,4718154977754080839
2026-02-25,14:23:18,SETUP,BUY,M5,25578.25,25558.25,25603.25,25653.25,1,4,1,0,154,0.00,0.00,,0,0.00,0.00,0.00,0.00,0,0,0.97,0,1,0,v12.19,4718154977754080839
2026-02-25,15:12:57,SETUP,BUY,M5,25617.50,25596.00,25642.50,25692.50,1,6,3,0,-246,0.00,0.00,,0,0.00,0.00,0.00,0.00,0,0,1.03,0,1,0,v12.19,4718154977754080839
2026-02-26,10:36:27,SETUP,SELL,M5,25220.75,25260.75,25176.50,25115.00,1,4,0,0,-504,0.00,0.00,,0,0.00,0.00,0.00,0.00,0,0,0.97,0,1,1,v12.19,4718154977754080839
2026-02-26,14:07:14,SETUP,SELL,M5,25262.00,25295.25,25227.50,25179.00,1,4,0,2,-686,0.00,0.00,,0,0.00,0.00,0.00,0.00,0,0,0.97,0,1,0,v12.19,4718154977754080839
2026-02-26,14:59:43,SETUP,SELL,M8,25296.25,25304.82,25279.49,25251.56,1,6,1,-3,-82,0.00,0.00,,0,0.00,0.00,0.00,0.00,7,4,0.97,0,1,0,v12.19,4718154977754080839
2026-02-26,14:59:57,SETUP,SELL,M8,25294.50,25305.75,25278.43,25251.64,1,7,0,-3,-360,0.00,0.00,,0,0.00,0.00,0.00,0.00,7,4,0.97,0,1,0,v12.19,4718154977754080839
2026-02-26,15:00:01,SETUP,SELL,M5,25287.50,25313.25,25260.75,25212.50,1,4,0,-2,-32,0.00,0.00,,0,0.00,0.00,0.00,0.00,0,0,0.97,0,1,1,v12.19,4718154977754080839
2026-02-27,12:39:33,SETUP,SELL,M5,25125.50,25162.50,25086.75,25033.00,1,4,0,0,94,0.00,0.00,,0,0.00,0.00,0.00,0.00,0,0,0.97,0,1,2,v12.19,4718154977754080839
2026-02-27,13:08:08,SETUP,SELL,M2,25119.25,25156.25,25080.75,25027.25,1,6,0,0,-428,0.00,0.00,,0,0.00,0.00,0.00,0.00,0,0,0.97,0,1,0,v12.19,4718154977754080839
2026-02-27,14:15:01,SETUP,SELL,M5,25180.75,25214.00,25146.25,25097.75,1,4,2,0,-248,0.00,0.00,,0,0.00,0.00,0.00,0.00,0,0,0.97,0,1,1,v12.19,4718154977754080839
2026-02-27,14:58:36,SETUP,SELL,M5,25195.75,25226.75,25163.50,25118.50,1,6,2,0,-376,0.00,0.00,,0,0.00,0.00,0.00,0.00,0,0,0.97,0,1,2,v12.19,4718154977754080839
2026-02-27,14:59:56,SETUP,SELL,M2,25207.25,25235.50,25178.00,25132.25,1,6,0,0,-412,0.00,0.00,,0,0.00,0.00,0.00,0.00,0,0,0.97,0,1,1,v12.19,4718154977754080839
2026-03-02,10:32:02,SETUP,BUY,M5,25113.75,25073.75,25159.75,25224.25,1,5,0,0,290,0.00,0.00,,0,0.00,0.00,0.00,0.00,0,0,0.97,0,1,2,v12.19,4718154977754080839
2026-03-02,10:57:58,SETUP,SELL,M4,25242.00,25281.00,25201.50,25145.00,1,6,-1,-4,-184,0.00,0.00,,0,0.00,0.00,0.00,0.00,0,0,0.97,0,1,0,v12.19,4718154977754080839
2026-03-02,11:18:09,SETUP,BUY,M5,25281.50,25244.50,25320.00,25373.75,1,5,0,-4,238,0.00,0.00,,0,0.00,0.00,0.00,0.00,0,0,0.97,0,1,0,v12.19,4718154977754080839
2026-03-02,13:03:37,SETUP,BUY,M5,25217.75,25183.75,25253.25,25302.50,1,4,-2,0,188,0.00,0.00,,0,0.00,0.00,0.00,0.00,0,0,0.97,0,1,2,v12.19,4718154977754080839
2026-03-02,13:12:06,SETUP,BUY,M2,25285.25,25249.00,25323.00,25375.50,1,6,1,-4,360,0.00,0.00,,0,0.00,0.00,0.00,0.00,0,0,0.97,0,1,0,v12.19,4718154977754080839
2026-03-02,14:11:30,SETUP,BUY,M5,25181.75,25146.75,25218.25,25269.00,1,4,0,0,226,0.00,0.00,,0,0.00,0.00,0.00,0.00,0,0,0.97,0,1,1,v12.19,4718154977754080839
2026-03-02,14:56:21,SETUP,SELL,M8,25262.25,25286.84,25230.77,25087.50,1,3,0,-3,-40,0.00,0.00,,0,0.00,0.00,0.00,0.00,6,3,0.97,0,1,2,v12.19,4718154977754080839
2026-03-03,10:43:37,SETUP,BUY,M5,24841.50,24801.50,24891.50,24965.75,1,4,-1,-2,372,0.00,0.00,,0,0.00,0.00,0.00,0.00,0,0,0.97,0,1,0,v12.19,4718154977754080839
2026-03-03,11:40:35,SETUP,BUY,M5,24897.75,24857.75,24947.75,25022.50,1,4,-1,0,266,0.00,0.00,,0,0.00,0.00,0.00,0.00,0,0,0.97,0,1,0,v12.19,4718154977754080839
2026-03-03,12:22:17,SETUP,SELL,M4,24961.00,25001.00,24911.00,24841.25,1,6,0,-4,-322,0.00,0.00,,0,0.00,0.00,0.00,0.00,0,0,0.97,0,1,0,v12.19,4718154977754080839
2026-03-03,12:41:24,SETUP,BUY,M5,25008.50,24968.50,25055.25,25120.25,1,4,1,-2,-346,0.00,0.00,,0,0.00,0.00,0.00,0.00,0,0,0.97,0,1,1,v12.19,4718154977754080839
2026-03-03,13:43:00,SETUP,BUY,M5,25051.50,25011.50,25101.50,25176.50,1,6,1,-2,454,0.00,0.00,,0,0.00,0.00,0.00,0.00,0,0,0.97,0,1,0,v12.19,4718154977754080839
2026-03-03,14:54:09,SETUP,BUY,M5,24964.75,24924.75,25010.75,25074.75,1,4,-1,0,14,0.00,0.00,,0,0.00,0.00,0.00,0.00,0,0,0.97,0,1,1,v12.19,4718154977754080839
2026-03-04,10:55:35,SETUP,SELL,M5,25350.75,25387.50,25312.50,25259.25,1,5,1,0,-356,0.00,0.00,,0,0.00,0.00,0.00,0.00,0,0,0.97,0,1,2,v12.19,4718154977754080839
2026-03-04,12:17:22,SETUP,SELL,M5,25365.00,25400.25,25328.25,25277.25,1,5,2,0,-170,0.00,0.00,,0,0.00,0.00,0.00,0.00,0,0,0.97,0,1,1,v12.19,4718154977754080839
2026-03-04,12:33:07,SETUP,SELL,M4,25406.75,25441.25,25370.75,25320.50,1,6,0,-4,-142,0.00,0.00,,0,0.00,0.00,0.00,0.00,0,0,0.97,0,1,0,v12.19,4718154977754080839
2026-03-04,12:51:28,SETUP,SELL,M4,25396.50,25430.25,25361.25,25312.00,1,7,0,-4,-190,0.00,0.00,,0,0.00,0.00,0.00,0.00,0,0,0.97,0,1,0,v12.19,4718154977754080839
2026-03-04,15:03:22,SETUP,SELL,M5,25344.00,25370.00,25317.00,25269.00,1,5,0,0,278,0.00,0.00,,0,0.00,0.00,0.00,0.00,0,0,0.97,0,1,0,v12.19,4718154977754080839
2026-03-04,15:13:07,SETUP,SELL,M4,25344.75,25373.25,25315.00,25269.75,1,8,0,-2,-472,0.00,0.00,,0,0.00,0.00,0.00,0.00,0,0,0.97,0,1,1,v12.19,4718154977754080839
2026-03-05,11:15:24,SETUP,SELL,M2,25192.75,25232.75,25142.75,25072.25,1,6,0,0,-196,0.00,0.00,,0,0.00,0.00,0.00,0.00,0,0,0.97,0,1,1,v12.19,4718154977754080839
2026-03-05,11:31:11,SETUP,SELL,M5,25085.00,25125.00,25035.75,24966.75,1,4,-2,0,-214,0.00,0.00,,0,0.00,0.00,0.00,0.00,0,0,0.97,0,1,1,v12.19,4718154977754080839
2026-03-05,12:08:33,SETUP,SELL,M5,25071.50,25111.50,25025.50,24961.00,1,5,1,0,-132,0.00,0.00,,0,0.00,0.00,0.00,0.00,0,0,0.97,0,1,0,v12.19,4718154977754080839
2026-03-05,12:44:53,SETUP,SELL,M2,25046.00,25086.00,24996.00,24926.25,1,6,0,-2,-124,0.00,0.00,,0,0.00,0.00,0.00,0.00,0,0,0.97,0,1,0,v12.19,4718154977754080839
2026-03-05,13:07:23,SETUP,SELL,M8,25057.50,25080.46,25027.59,24977.75,1,5,0,-1,-4,0.00,0.00,,0,0.00,0.00,0.00,0.00,7,4,0.97,0,1,1,v12.19,4718154977754080839
2026-03-05,13:13:45,SETUP,SELL,M8,25078.00,25092.40,25048.21,24998.55,1,0,1,-1,76,0.00,0.00,,0,0.00,0.00,0.00,0.00,7,4,0.97,0,1,2,v12.19,4718154977754080839
2026-03-05,13:48:28,SETUP,SELL,M4,25059.75,25099.75,25010.75,24942.50,1,8,-2,-4,-74,0.00,0.00,,0,0.00,0.00,0.00,0.00,0,0,0.97,0,1,1,v12.19,4718154977754080839
2026-03-05,14:11:57,SETUP,SELL,M5,25146.75,25186.75,25096.75,25025.25,1,5,2,-2,-38,0.00,0.00,,0,0.00,0.00,0.00,0.00,0,0,0.97,0,1,0,v12.19,4718154977754080839
2026-03-05,14:15:26,SETUP,SELL,M8,25150.25,25167.84,25110.02,25069.75,1,5,2,-3,-22,0.00,0.00,,0,0.00,0.00,0.00,0.00,6,3,0.97,0,1,0,v12.19,4718154977754080839
2026-03-05,14:18:47,SETUP,SELL,M8,25159.00,25174.26,25129.52,25080.39,1,0,3,-3,42,0.00,0.00,,0,0.00,0.00,0.00,0.00,7,4,0.97,0,1,0,v12.19,4718154977754080839
2026-03-05,14:37:30,SETUP,SELL,M4,25180.75,25220.75,25134.50,25070.00,1,5,0,-2,-32,0.00,0.00,,0,0.00,0.00,0.00,0.00,0,0,0.97,0,1,0,v12.19,4718154977754080839
2026-03-05,14:57:17,SETUP,SELL,M5,25262.75,25302.75,25220.00,25160.50,1,4,2,0,-54,0.00,0.00,,0,0.00,0.00,0.00,0.00,0,0,0.97,0,1,0,v12.19,4718154977754080839
2026-03-06,11:35:13,SETUP,SELL,M2,24982.25,25022.25,24932.25,24857.25,1,6,-3,0,-520,0.00,0.00,,0,0.00,0.00,0.00,0.00,0,0,0.97,0,1,0,v12.19,4718154977754080839
2026-03-06,11:49:12,SETUP,SELL,M5,25003.50,25043.50,24953.50,24883.75,1,4,-3,0,-38,0.00,0.00,,0,0.00,0.00,0.00,0.00,0,0,0.97,0,1,2,v12.19,4718154977754080839
2026-03-06,12:49:58,SETUP,SELL,M5,25023.25,25063.25,24975.25,24908.25,1,4,-2,0,-124,0.00,0.00,,0,0.00,0.00,0.00,0.00,0,0,0.97,0,1,1,v12.19,4718154977754080839
2026-03-06,14:06:26,SETUP,SELL,M5,25002.00,25042.00,24952.50,24883.25,1,4,-2,0,-332,0.00,0.00,,0,0.00,0.00,0.00,0.00,0,0,0.97,0,1,2,v12.19,4718154977754080839
2026-03-06,14:48:58,SETUP,SELL,M5,24870.50,24910.50,24821.75,24753.50,1,5,0,0,-204,0.00,0.00,,0,0.00,0.00,0.00,0.00,0,0,0.97,0,1,1,v12.19,4718154977754080839
2026-03-09,10:48:14,SETUP,BUY,M5,24853.50,24813.50,24896.75,24957.25,1,4,-1,-2,84,0.00,0.00,,0,0.00,0.00,0.00,0.00,0,0,0.97,0,1,0,v12.19,4718154977754080839
2026-03-09,11:54:45,SETUP,BUY,M5,24921.50,24883.25,24961.50,25017.25,1,5,-1,0,100,0.00,0.00,,0,0.00,0.00,0.00,0.00,0,0,0.97,0,1,0,v12.19,4718154977754080839
2026-03-09,14:21:00,SETUP,BUY,M5,25061.25,25021.25,25106.75,25170.00,1,5,1,0,254,0.00,0.00,,0,0.00,0.00,0.00,0.00,0,0,0.97,0,1,1,v12.19,4718154977754080839
2026-03-09,14:21:47,SETUP,BUY,M2,25067.50,25027.50,25114.00,25178.75,1,6,2,0,158,0.00,0.00,,0,0.00,0.00,0.00,0.00,0,0,0.97,0,1,0,v12.19,4718154977754080839
2026-03-09,14:35:48,SETUP,BUY,M2,25194.50,25154.50,25244.50,25316.50,1,6,2,0,-102,0.00,0.00,,0,0.00,0.00,0.00,0.00,0,0,0.97,0,1,0,v12.19,4718154977754080839
2026-03-09,14:40:16,SETUP,BUY,M5,25166.75,25126.75,25216.75,25291.75,1,4,1,0,-348,0.00,0.00,,0,0.00,0.00,0.00,0.00,0,0,0.97,0,1,0,v12.19,4718154977754080839
2026-03-09,15:04:25,SETUP,BUY,M5,25167.00,25127.00,25211.50,25273.50,1,5,2,2,-214,0.00,0.00,,0,0.00,0.00,0.00,0.00,0,0,0.97,0,1,1,v12.19,4718154977754080839
2026-03-10,10:24:04,SETUP,SELL,M5,25355.00,25391.00,25317.50,25265.25,1,5,0,0,-140,0.00,0.00,,0,0.00,0.00,0.00,0.00,0,0,0.97,0,1,0,v12.19,4718154977754080839
2026-03-10,11:29:51,SETUP,SELL,M5,25351.00,25391.00,25308.25,25248.50,1,4,2,0,-6,0.00,0.00,,0,0.00,0.00,0.00,0.00,0,0,0.97,0,1,1,v12.19,4718154977754080839
2026-03-10,13:03:15,SETUP,SELL,M2,25360.00,25397.50,25321.00,25266.25,1,6,0,-2,-294,0.00,0.00,,0,0.00,0.00,0.00,0.00,0,0,0.97,0,1,1,v12.19,4718154977754080839
2026-03-10,13:15:06,SETUP,BUY,M4,25277.00,25237.00,25323.75,25388.75,1,4,0,2,240,0.00,0.00,,0,0.00,0.00,0.00,0.00,0,0,0.97,0,1,1,v12.19,4718154977754080839
2026-03-10,13:15:55,SETUP,SELL,M2,25255.00,25295.00,25207.50,25141.25,1,6,-2,0,-160,0.00,0.00,,0,0.00,0.00,0.00,0.00,0,0,0.97,0,1,1,v12.19,4718154977754080839
2026-03-10,13:19:21,SETUP,SELL,M5,25241.00,25281.00,25191.00,25118.75,1,4,-2,0,-232,0.00,0.00,,0,0.00,0.00,0.00,0.00,0,0,0.97,0,1,1,v12.19,4718154977754080839
2026-03-10,13:31:57,SETUP,SELL,M2,25267.25,25307.25,25217.25,25142.25,1,7,-2,-2,-134,0.00,0.00,,0,0.00,0.00,0.00,0.00,0,0,0.97,0,1,1,v12.19,4718154977754080839
2026-03-10,13:37:42,SETUP,SELL,M2,25248.50,25288.50,25198.50,25123.50,1,7,0,-2,-156,0.00,0.00,,0,0.00,0.00,0.00,0.00,0,0,0.97,0,1,0,v12.19,4718154977754080839
2026-03-10,13:49:13,SETUP,SELL,M2,25253.00,25293.00,25203.00,25128.00,1,7,-1,0,-188,0.00,0.00,,0,0.00,0.00,0.00,0.00,0,0,0.97,0,1,0,v12.19,4718154977754080839
2026-03-10,14:14:10,SETUP,SELL,M5,25274.50,25314.50,25224.50,25149.50,1,5,-1,0,78,0.00,0.00,,0,0.00,0.00,0.00,0.00,0,0,0.97,0,1,1,v12.19,4718154977754080839
2026-03-10,15:00:00,SETUP,SELL,M5,25201.00,25241.00,25154.25,25088.75,1,4,1,0,-32,0.00,0.00,,0,0.00,0.00,0.00,0.00,0,0,0.97,0,1,1,v12.19,4718154977754080839
2026-03-11,10:17:10,SETUP,BUY,M4,25186.00,25146.00,25235.50,25304.75,1,4,0,0,300,0.00,0.00,,0,0.00,0.00,0.00,0.00,0,0,0.97,0,1,0,v12.19,4718154977754080839
2026-03-11,10:51:08,SETUP,BUY,M5,25161.50,25121.50,25208.25,25273.50,1,5,-2,-2,6,0.00,0.00,,0,0.00,0.00,0.00,0.00,0,0,0.97,0,1,1,v12.19,4718154977754080839
2026-03-11,11:59:22,SETUP,BUY,M5,25227.25,25187.75,25268.50,25325.75,1,5,2,0,204,0.00,0.00,,0,0.00,0.00,0.00,0.00,0,0,0.97,0,1,1,v12.19,4718154977754080839
2026-03-11,12:54:40,SETUP,BUY,M2,25167.75,25127.75,25212.50,25274.75,1,8,0,0,-54,0.00,0.00,,0,0.00,0.00,0.00,0.00,0,0,0.97,0,1,3,v12.19,4718154977754080839
2026-03-11,13:30:34,SETUP,BUY,M2,25175.25,25135.25,25217.25,25275.75,1,6,2,0,-226,0.00,0.00,,0,0.00,0.00,0.00,0.00,0,0,0.97,0,1,2,v12.19,4718154977754080839
2026-03-11,14:27:31,SETUP,BUY,M2,25166.50,25128.50,25206.00,25261.00,1,6,1,0,114,0.00,0.00,,0,0.00,0.00,0.00,0.00,0,0,0.97,0,1,1,v12.19,4718154977754080839
2026-03-11,14:34:20,SETUP,BUY,M5,25181.00,25143.75,25220.00,25274.25,1,4,1,-2,-34,0.00,0.00,,0,0.00,0.00,0.00,0.00,0,0,0.97,0,1,2,v12.19,4718154977754080839
2026-03-11,14:55:00,SETUP,SELL,M4,25201.00,25237.00,25163.50,25111.25,1,5,-1,-4,-270,0.00,0.00,,0,0.00,0.00,0.00,0.00,0,0,0.97,0,1,0,v12.19,4718154977754080839
2026-03-11,15:02:27,SETUP,BUY,M2,25178.50,25145.00,25213.50,25262.00,1,7,0,2,414,0.00,0.00,,0,0.00,0.00,0.00,0.00,0,0,0.97,0,1,1,v12.19,4718154977754080839
2026-03-12,10:26:04,SETUP,BUY,M5,24842.75,24802.75,24886.00,24946.50,1,4,0,0,156,0.00,0.00,,0,0.00,0.00,0.00,0.00,0,0,0.97,0,1,1,v12.19,4718154977754080839
2026-03-12,11:07:31,SETUP,BUY,M5,24819.25,24779.25,24869.25,24941.50,1,6,1,2,-362,0.00,0.00,,0,0.00,0.00,0.00,0.00,0,0,0.97,0,1,1,v12.19,4718154977754080839
2026-03-12,11:48:19,SETUP,BUY,M5,24867.50,24827.50,24917.50,24987.75,1,4,-1,0,-12,0.00,0.00,,0,0.00,0.00,0.00,0.00,0,0,0.97,0,1,1,v12.19,4718154977754080839
2026-03-12,13:37:06,SETUP,BUY,M5,24829.00,24789.00,24877.00,24943.75,1,4,-1,0,122,0.00,0.00,,0,0.00,0.00,0.00,0.00,0,0,0.97,0,1,1,v12.19,4718154977754080839
2026-03-12,14:59:11,SETUP,BUY,M5,24772.50,24734.25,24812.25,24867.75,1,6,0,2,354,0.00,0.00,,0,0.00,0.00,0.00,0.00,0,0,0.97,0,1,1,v12.19,4718154977754080839
2026-03-13,10:53:27,SETUP,SELL,M5,24616.75,24656.75,24569.00,24502.25,1,4,-1,0,-128,0.00,0.00,,0,0.00,0.00,0.00,0.00,0,0,0.97,0,1,0,v12.19,4718154977754080839
2026-03-13,11:37:53,SETUP,SELL,M4,24669.75,24709.75,24621.25,24553.25,1,4,0,-2,46,0.00,0.00,,0,0.00,0.00,0.00,0.00,0,0,0.97,0,1,1,v12.19,4718154977754080839
2026-03-13,11:57:13,SETUP,SELL,M5,24613.50,24653.50,24563.50,24489.25,1,4,-1,0,-448,0.00,0.00,,0,0.00,0.00,0.00,0.00,0,0,0.97,0,1,0,v12.19,4718154977754080839
2026-03-13,12:44:10,SETUP,BUY,M8,24602.75,24581.20,24631.26,24678.77,1,5,-2,5,-190,0.00,0.00,,0,0.00,0.00,0.00,0.00,7,4,0.97,0,1,2,v12.19,4718154977754080839
2026-03-13,13:15:10,SETUP,SELL,M5,24590.50,24630.50,24547.75,24488.25,1,5,-2,0,-230,0.00,0.00,,0,0.00,0.00,0.00,0.00,0,0,0.97,0,1,1,v12.19,4718154977754080839
2026-03-13,14:38:16,SETUP,SELL,M5,24563.75,24600.00,24525.75,24473.00,1,4,-2,2,-244,0.00,0.00,,0,0.00,0.00,0.00,0.00,0,0,0.97,0,1,0,v12.19,4718154977754080839
2026-03-16,12:45:44,SETUP,BUY,M8,24892.50,24853.98,24920.40,24966.90,1,4,-1,1,30,0.00,0.00,,0,0.00,0.00,0.00,0.00,7,4,0.97,0,1,1,v12.19,4718154977754080839
2026-03-17,10:41:09,SETUP,BUY,M5,24995.00,24958.50,25033.00,25086.00,1,4,0,0,108,0.00,0.00,,0,0.00,0.00,0.00,0.00,0,0,0.97,0,1,1,v12.19,4718154977754080839
2026-03-17,12:03:57,SETUP,SELL,M4,25023.00,25058.00,24986.50,24935.50,1,4,0,-2,-116,0.00,0.00,,0,0.00,0.00,0.00,0.00,0,0,0.97,0,1,1,v12.19,4718154977754080839
2026-03-17,13:00:26,SETUP,BUY,M2,25046.50,25013.00,25081.25,25130.00,1,6,0,0,68,0.00,0.00,,0,0.00,0.00,0.00,0.00,0,0,0.97,0,1,2,v12.19,4718154977754080839
2026-03-17,14:45:52,SETUP,BUY,M5,25009.00,24979.00,25040.25,25084.00,1,4,-1,-2,88,0.00,0.00,,0,0.00,0.00,0.00,0.00,0,0,0.97,0,1,1,v12.19,4718154977754080839
2026-03-18,10:31:39,SETUP,BUY,M5,24904.00,24864.50,24945.00,25002.50,1,4,0,0,58,0.00,0.00,,0,0.00,0.00,0.00,0.00,0,0,0.97,0,1,2,v12.19,4718154977754080839
2026-03-18,13:42:39,SETUP,BUY,M5,24805.50,24765.50,24853.75,24921.00,1,4,-1,2,80,0.00,0.00,,0,0.00,0.00,0.00,0.00,0,0,0.97,0,1,0,v12.19,4718154977754080839
2026-03-18,14:44:53,SETUP,BUY,M5,24684.75,24647.75,24723.50,24777.25,1,7,-1,2,196,0.00,0.00,,0,0.00,0.00,0.00,0.00,0,0,0.97,0,1,0,v12.19,4718154977754080839
2026-03-19,10:42:04,SETUP,BUY,M5,24424.00,24384.00,24471.00,24536.50,1,4,0,0,176,0.00,0.00,,0,0.00,0.00,0.00,0.00,0,0,0.97,0,1,1,v12.19,4718154977754080839
2026-03-19,11:41:58,SETUP,BUY,M5,24476.25,24436.25,24523.00,24588.00,1,4,1,0,86,0.00,0.00,,0,0.00,0.00,0.00,0.00,0,0,0.97,0,1,2,v12.19,4718154977754080839
2026-03-19,11:52:43,SETUP,BUY,M4,24452.50,24412.50,24499.75,24566.00,1,5,1,2,134,0.00,0.00,,0,0.00,0.00,0.00,0.00,0,0,0.97,0,1,1,v12.19,4718154977754080839
2026-03-19,14:07:20,SETUP,BUY,M5,24635.75,24595.75,24683.25,24749.75,1,4,1,0,-258,0.00,0.00,,0,0.00,0.00,0.00,0.00,0,0,0.97,0,1,0,v12.19,4718154977754080839
2026-03-19,14:48:53,SETUP,BUY,M5,24566.75,24526.75,24616.75,24691.25,1,5,0,0,-220,0.00,0.00,,0,0.00,0.00,0.00,0.00,0,0,0.97,0,1,1,v12.19,4718154977754080839
2026-03-20,11:18:11,SETUP,SELL,M4,24335.00,24375.00,24291.25,24230.00,1,5,0,-2,4,0.00,0.00,,0,0.00,0.00,0.00,0.00,0,0,0.97,0,1,1,v12.19,4718154977754080839
2026-03-20,12:29:04,SETUP,SELL,M5,24213.25,24253.25,24170.75,24111.25,1,4,-1,0,-568,0.00,0.00,,0,0.00,0.00,0.00,0.00,0,0,0.97,0,1,1,v12.19,4718154977754080839
2026-03-20,13:31:05,SETUP,SELL,M5,24113.00,24151.75,24072.75,24016.50,1,4,-3,0,-144,0.00,0.00,,0,0.00,0.00,0.00,0.00,0,0,0.97,0,1,0,v12.19,4718154977754080839
2026-03-20,14:31:00,SETUP,SELL,M5,24038.75,24071.75,24004.25,23956.50,1,4,-3,0,-390,0.00,0.00,,0,0.00,0.00,0.00,0.00,0,0,0.97,0,1,0,v12.19,4718154977754080839
2026-03-20,14:55:05,SETUP,SELL,M8,24093.50,24107.84,24072.96,24038.73,1,7,-1,-5,-106,0.00,0.00,,0,0.00,0.00,0.00,0.00,7,4,0.97,0,1,2,v12.19,4718154977754080839
2026-03-20,14:56:09,SETUP,SELL,M8,24099.00,24111.52,24079.14,24046.03,1,7,-1,-5,-344,0.00,0.00,,0,0.00,0.00,0.00,0.00,7,4,0.97,0,1,3,v12.19,4718154977754080839
2026-03-20,14:57:22,SETUP,SELL,M8,24098.00,24114.21,24078.81,24046.82,1,7,-1,-5,-372,0.00,0.00,,0,0.00,0.00,0.00,0.00,7,4,0.97,0,1,3,v12.19,4718154977754080839
2026-03-23,11:05:06,SETUP,BUY,M5,24422.25,24382.25,24469.25,24534.75,1,4,-1,0,164,0.00,0.00,,0,0.00,0.00,0.00,0.00,0,0,0.97,0,1,0,v12.19,4718154977754080839
2026-03-23,11:50:43,SETUP,BUY,M5,24389.00,24349.00,24437.75,24506.00,1,4,0,0,-90,0.00,0.00,,0,0.00,0.00,0.00,0.00,0,0,0.97,0,1,1,v12.19,4718154977754080839
2026-03-23,13:00:02,SETUP,BUY,M5,24482.75,24442.75,24531.75,24600.25,1,4,1,0,130,0.00,0.00,,0,0.00,0.00,0.00,0.00,0,0,0.97,0,1,2,v12.19,4718154977754080839
2026-03-23,15:01:49,SETUP,BUY,M5,24381.50,24348.00,24416.50,24465.25,1,4,-1,0,144,0.00,0.00,,0,0.00,0.00,0.00,0.00,0,0,0.97,0,1,2,v12.19,4718154977754080839
2026-03-24,12:51:02,SETUP,BUY,M5,24188.50,24148.50,24237.75,24306.75,1,5,-1,-2,214,0.00,0.00,,0,0.00,0.00,0.00,0.00,0,0,0.97,0,1,0,v12.19,4718154977754080839
2026-03-24,14:06:37,SETUP,BUY,M5,24310.75,24270.75,24358.00,24424.25,1,4,-2,0,106,0.00,0.00,,0,0.00,0.00,0.00,0.00,0,0,0.97,0,1,0,v12.19,4718154977754080839
2026-03-24,15:20:10,SETUP,BUY,M5,24366.25,24326.25,24413.00,24478.00,1,4,0,-2,212,0.00,0.00,,0,0.00,0.00,0.00,0.00,0,0,0.97,0,1,0,v12.19,4718154977754080839
2026-03-25,10:19:50,SETUP,BUY,M5,24344.25,24304.25,24388.00,24449.25,1,5,0,0,116,0.00,0.00,,0,0.00,0.00,0.00,0.00,0,0,0.97,0,1,2,v12.19,4718154977754080839
2026-03-25,11:19:23,SETUP,BUY,M5,24385.25,24345.75,24426.50,24483.75,1,5,-1,0,316,0.00,0.00,,0,0.00,0.00,0.00,0.00,0,0,0.97,0,1,1,v12.19,4718154977754080839
2026-03-25,13:42:55,SETUP,BUY,M5,24394.50,24355.75,24435.00,24491.50,1,5,-2,2,-92,0.00,0.00,,0,0.00,0.00,0.00,0.00,0,0,0.97,0,1,2,v12.19,4718154977754080839
2026-03-26,12:18:43,SETUP,SELL,M5,23947.00,23983.25,23909.25,23856.75,1,4,-1,0,-406,0.00,0.00,,0,0.00,0.00,0.00,0.00,0,0,0.97,0,1,0,v12.19,4718154977754080839
2026-03-26,12:27:03,SETUP,BUY,M4,23951.50,23916.00,23988.50,24039.75,1,4,0,2,224,0.00,0.00,,0,0.00,0.00,0.00,0.00,0,0,0.97,0,1,0,v12.19,4718154977754080839
2026-03-26,12:59:03,SETUP,BUY,M4,23886.75,23852.00,23923.00,23973.75,1,4,0,4,556,0.00,0.00,,0,0.00,0.00,0.00,0.00,0,0,0.97,0,1,0,v12.19,4718154977754080839
2026-03-26,13:26:06,SETUP,SELL,M5,23852.25,23885.25,23817.75,23769.75,1,5,-3,0,-334,0.00,0.00,,0,0.00,0.00,0.00,0.00,0,0,0.97,0,1,0,v12.19,4718154977754080839
2026-03-26,14:33:52,SETUP,SELL,M5,23834.25,23865.00,23802.25,23757.50,1,4,-1,0,294,0.00,0.00,,0,0.00,0.00,0.00,0.00,0,0,0.97,0,1,0,v12.19,4718154977754080839
2026-03-26,15:08:33,SETUP,SELL,M5,23911.25,23944.50,23876.50,23828.25,1,7,0,-4,858,0.00,0.00,,0,0.00,0.00,0.00,0.00,0,0,0.97,0,1,2,v12.19,4718154977754080839
2026-03-27,11:05:27,SETUP,SELL,M5,23500.50,23540.50,23457.75,23398.00,1,4,-2,2,-232,0.00,0.00,,0,0.00,0.00,0.00,0.00,0,0,0.97,0,1,2,v12.19,4718154977754080839
2026-03-27,12:13:31,SETUP,SELL,M5,23436.25,23476.25,23392.25,23331.00,1,5,-3,4,-288,0.00,0.00,,0,0.00,0.00,0.00,0.00,0,0,0.97,0,1,1,v12.19,4718154977754080839
2026-03-27,12:28:51,SETUP,BUY,M4,23387.50,23348.75,23427.75,23484.00,1,4,0,4,404,0.00,0.00,,0,0.00,0.00,0.00,0.00,0,0,0.97,0,1,0,v12.19,4718154977754080839
2026-03-27,13:27:36,SETUP,SELL,M5,23362.00,23393.00,23329.50,23284.50,1,4,-2,-2,-88,0.00,0.00,,0,0.00,0.00,0.00,0.00,0,0,0.97,0,1,1,v12.19,4718154977754080839
2026-03-27,14:42:42,SETUP,SELL,M5,23290.75,23322.25,23258.00,23212.25,1,4,-1,0,-386,0.00,0.00,,0,0.00,0.00,0.00,0.00,0,0,0.97,0,1,0,v12.19,4718154977754080839
2026-03-27,15:17:45,SETUP,SELL,M5,23256.00,23289.75,23220.75,23171.50,1,4,-3,0,-150,0.00,0.00,,0,0.00,0.00,0.00,0.00,0,0,0.97,0,1,0,v12.19,4718154977754080839
2026-03-30,13:05:51,SETUP,SELL,M5,23188.00,23221.50,23153.25,23104.50,1,4,-1,0,-178,0.00,0.00,,0,0.00,0.00,0.00,0.00,0,0,0.97,0,1,0,v12.19,4718154977754080839
2026-03-30,14:30:00,SETUP,SELL,M5,23036.25,23068.75,23002.50,22955.25,1,5,-3,0,-142,0.00,0.00,,0,0.00,0.00,0.00,0.00,0,0,0.97,0,1,0,v12.19,4718154977754080839
2026-03-30,15:06:18,SETUP,SELL,M5,23100.00,23131.00,23067.75,23022.50,1,4,0,3,-130,0.00,0.00,,0,0.00,0.00,0.00,0.00,0,0,0.97,0,1,1,v12.19,4718154977754080839
2026-03-31,11:08:41,SETUP,SELL,M5,23484.00,23524.00,23434.25,23365.00,1,4,0,0,-318,0.00,0.00,,0,0.00,0.00,0.00,0.00,0,0,0.97,0,1,2,v12.19,4718154977754080839
2026-03-31,11:44:01,SETUP,SELL,M5,23772.75,23812.75,23722.75,23647.75,1,4,0,0,-320,0.00,0.00,,0,0.00,0.00,0.00,0.00,0,0,0.97,0,1,0,v12.19,4718154977754080839
2026-03-31,12:01:59,SETUP,SELL,M5,23836.75,23876.75,23786.75,23711.75,1,4,0,-2,88,0.00,0.00,,0,0.00,0.00,0.00,0.00,0,0,0.97,0,1,0,v12.19,4718154977754080839
2026-03-31,12:17:59,SETUP,SELL,M4,23860.75,23900.75,23810.75,23735.75,1,5,0,0,-2,0.00,0.00,,0,0.00,0.00,0.00,0.00,0,0,0.97,0,1,1,v12.19,4718154977754080839
2026-03-31,13:28:00,SETUP,SELL,M5,23831.00,23871.00,23782.50,23714.75,1,4,0,-2,48,0.00,0.00,,0,0.00,0.00,0.00,0.00,0,0,0.97,0,1,2,v12.19,4718154977754080839
2026-03-31,13:37:45,SETUP,SELL,M4,23846.25,23886.25,23799.25,23733.25,1,7,0,-4,-182,0.00,0.00,,0,0.00,0.00,0.00,0.00,0,0,0.97,0,1,1,v12.19,4718154977754080839
2026-03-31,13:50:05,SETUP,SELL,M8,23864.00,23884.26,23837.73,23793.96,1,7,1,-5,-110,0.00,0.00,,0,0.00,0.00,0.00,0.00,7,4,0.97,0,1,3,v12.19,4718154977754080839
2026-03-31,14:14:48,SETUP,SELL,M4,23877.00,23916.00,23836.50,23779.75,1,6,-2,-4,54,0.00,0.00,,0,0.00,0.00,0.00,0.00,0,0,0.97,0,1,1,v12.19,4718154977754080839
2026-03-31,14:33:36,SETUP,SELL,M5,23900.75,23937.75,23862.00,23808.25,1,6,0,-4,310,0.00,0.00,,0,0.00,0.00,0.00,0.00,0,0,0.97,0,1,0,v12.19,4718154977754080839
2026-03-31,14:59:54,SETUP,SELL,M5,23915.25,23945.50,23883.75,23839.75,1,4,1,0,52,0.00,0.00,,0,0.00,0.00,0.00,0.00,0,0,0.97,0,1,1,v12.19,4718154977754080839
2026-03-31,15:21:11,SETUP,SELL,M4,23925.75,23957.75,23892.50,23845.75,1,4,0,0,2,0.00,0.00,,0,0.00,0.00,0.00,0.00,0,0,0.97,0,1,1,v12.19,4718154977754080839
2026-04-01,10:35:13,SETUP,BUY,M5,24282.75,24247.00,24320.00,24372.25,1,4,0,0,574,0.00,0.00,,0,0.00,0.00,0.00,0.00,0,0,0.97,0,1,0,v12.19,4718154977754080839
2026-04-01,11:19:12,SETUP,SELL,M4,24307.25,24338.25,24275.00,24229.75,1,4,-1,-2,-108,0.00,0.00,,0,0.00,0.00,0.00,0.00,0,0,0.97,0,1,0,v12.19,4718154977754080839
2026-04-01,11:52:55,SETUP,BUY,M5,24322.25,24293.50,24352.00,24397.25,1,4,1,0,-96,0.00,0.00,,0,0.00,0.00,0.00,0.00,0,0,0.97,0,1,0,v12.19,4718154977754080839
2026-04-01,13:25:36,SETUP,BUY,M5,24179.75,24149.75,24211.00,24254.75,1,5,-1,0,488,0.00,0.00,,0,0.00,0.00,0.00,0.00,0,0,0.97,0,1,0,v12.19,4718154977754080839
2026-04-01,14:23:53,SETUP,BUY,M5,24244.00,24212.00,24277.25,24323.50,1,4,1,-2,336,0.00,0.00,,0,0.00,0.00,0.00,0.00,0,0,0.97,0,1,2,v12.19,4718154977754080839
2026-04-02,14:45:08,SETUP,BUY,M5,24184.25,24145.75,24224.25,24280.00,1,6,1,0,430,0.00,0.00,,0,0.00,0.00,0.00,0.00,0,0,0.97,0,1,1,v12.19,4718154977754080839
2026-04-06,12:13:05,SETUP,BUY,M5,24233.00,24193.00,24275.25,24334.25,1,6,-1,0,102,0.00,0.00,,0,0.00,0.00,0.00,0.00,0,0,0.97,0,1,1,v12.19,4718154977754080839
2026-04-07,10:36:28,SETUP,SELL,M5,24065.25,24105.25,24020.00,23957.00,1,5,0,0,-462,0.00,0.00,,0,0.00,0.00,0.00,0.00,0,0,0.97,0,1,2,v12.19,4718154977754080839
2026-04-07,11:36:02,SETUP,SELL,M5,24194.50,24234.50,24146.50,24079.50,1,4,2,0,-62,0.00,0.00,,0,0.00,0.00,0.00,0.00,0,0,0.97,0,1,0,v12.19,4718154977754080839
2026-04-07,12:51:16,SETUP,SELL,M5,24234.50,24274.50,24191.50,24131.25,1,5,2,0,-166,0.00,0.00,,0,0.00,0.00,0.00,0.00,0,0,0.97,0,1,0,v12.19,4718154977754080839
2026-04-07,14:19:42,SETUP,SELL,M5,24290.75,24330.75,24243.00,24176.00,1,5,2,0,-312,0.00,0.00,,0,0.00,0.00,0.00,0.00,0,0,0.97,0,1,1,v12.19,4718154977754080839
2026-04-07,14:56:54,SETUP,SELL,M5,24341.00,24381.00,24291.50,24222.50,1,6,2,-2,-244,0.00,0.00,,0,0.00,0.00,0.00,0.00,0,0,0.97,0,1,0,v12.19,4718154977754080839
2026-04-08,10:25:15,SETUP,SELL,M5,25015.25,25051.50,24977.50,24924.50,1,4,0,0,-164,0.00,0.00,,0,0.00,0.00,0.00,0.00,0,0,0.97,0,1,1,v12.19,4718154977754080839
2026-04-08,11:55:13,SETUP,SELL,M5,25143.50,25171.50,25114.50,25068.50,1,5,2,-2,-492,0.00,0.00,,0,0.00,0.00,0.00,0.00,0,0,0.97,0,1,0,v12.19,4718154977754080839
2026-04-08,13:18:34,SETUP,SELL,M5,25055.25,25085.50,25023.75,24979.75,1,4,1,0,-500,0.00,0.00,,0,0.00,0.00,0.00,0.00,0,0,0.97,0,1,2,v12.19,4718154977754080839
2026-04-08,14:15:40,SETUP,SELL,M5,24974.00,25006.50,24940.25,24893.00,1,4,1,0,-462,0.00,0.00,,0,0.00,0.00,0.00,0.00,0,0,0.97,0,1,0,v12.19,4718154977754080839
2026-04-08,15:11:08,SETUP,SELL,M5,25055.00,25080.75,25028.25,24980.00,1,4,2,0,-124,0.00,0.00,,0,0.00,0.00,0.00,0.00,0,0,0.97,0,1,1,v12.19,4718154977754080839
2026-04-09,11:17:07,SETUP,SELL,M5,25225.75,25258.75,25191.50,25143.50,1,4,2,0,-122,0.00,0.00,,0,0.00,0.00,0.00,0.00,0,0,0.97,0,1,0,v12.19,4718154977754080839
2026-04-09,12:27:02,SETUP,SELL,M5,25201.00,25230.25,25170.50,25126.00,1,4,2,0,-134,0.00,0.00,,0,0.00,0.00,0.00,0.00,0,0,0.97,0,1,1,v12.19,4718154977754080839
2026-04-09,13:27:34,SETUP,SELL,M5,25158.50,25189.00,25126.75,25082.50,1,5,-1,0,-6,0.00,0.00,,0,0.00,0.00,0.00,0.00,0,0,0.97,0,1,1,v12.19,4718154977754080839
2026-04-09,14:51:27,SETUP,SELL,M5,25264.25,25291.00,25236.25,25189.25,1,4,2,-2,-16,0.00,0.00,,0,0.00,0.00,0.00,0.00,0,0,0.97,0,1,2,v12.19,4718154977754080839
2026-04-09,15:04:16,SETUP,BUY,M4,25237.75,25214.50,25262.75,25312.75,1,4,2,2,148,0.00,0.00,,0,0.00,0.00,0.00,0.00,0,0,0.97,0,1,1,v12.19,4718154977754080839
2026-04-10,11:26:54,SETUP,SELL,M5,25273.75,25300.25,25246.00,25198.75,1,4,1,0,-296,0.00,0.00,,0,0.00,0.00,0.00,0.00,0,0,0.97,0,1,1,v12.19,4718154977754080839
2026-04-10,12:54:54,SETUP,SELL,M5,25262.00,25288.50,25234.50,25187.00,1,5,2,0,-262,0.00,0.00,,0,0.00,0.00,0.00,0.00,0,0,0.97,0,1,1,v12.19,4718154977754080839
2026-04-10,14:44:35,SETUP,SELL,M5,25270.25,25293.00,25245.25,25195.25,1,7,2,0,-112,0.00,0.00,,0,0.00,0.00,0.00,0.00,0,0,0.97,0,1,2,v12.19,4718154977754080839
2026-04-13,10:36:04,SETUP,BUY,M5,25346.50,25314.25,25380.00,25426.75,1,4,0,0,606,0.00,0.00,,0,0.00,0.00,0.00,0.00,0,0,0.97,0,1,2,v12.19,4718154977754080839
2026-04-13,11:03:21,SETUP,BUY,M4,25312.75,25280.25,25346.75,25394.00,1,4,0,0,488,0.00,0.00,,0,0.00,0.00,0.00,0.00,0,0,0.97,0,1,1,v12.19,4718154977754080839
2026-04-13,11:33:16,SETUP,BUY,M5,25382.25,25348.50,25417.25,25466.25,1,4,3,0,304,0.00,0.00,,0,0.00,0.00,0.00,0.00,0,0,0.97,0,1,1,v12.19,4718154977754080839
2026-04-13,12:29:26,SETUP,BUY,M5,25424.00,25393.25,25456.00,25500.50,1,4,2,0,-110,0.00,0.00,,0,0.00,0.00,0.00,0.00,0,0,0.97,0,1,0,v12.19,4718154977754080839
2026-04-13,14:17:19,SETUP,BUY,M5,25460.00,25437.75,25485.00,25535.00,1,4,3,0,330,0.00,0.00,,0,0.00,0.00,0.00,0.00,0,0,0.97,0,1,0,v12.19,4718154977754080839
2026-04-13,15:00:07,SETUP,BUY,M5,25540.50,25520.50,25565.50,25615.50,1,4,2,0,130,0.00,0.00,,0,0.00,0.00,0.00,0.00,0,0,0.97,0,1,0,v12.19,4718154977754080839
2026-04-14,10:55:42,SETUP,SELL,M5,25878.25,25900.25,25853.25,25803.25,1,4,1,0,-614,0.00,0.00,,0,0.00,0.00,0.00,0.00,0,0,1.03,0,1,0,v12.19,4718154977754080839
2026-04-14,11:49:06,SETUP,SELL,M4,25926.75,25946.75,25901.75,25851.75,1,5,0,0,-176,0.00,0.00,,0,0.00,0.00,0.00,0.00,0,0,1.03,0,1,0,v12.19,4718154977754080839
2026-04-14,12:59:32,SETUP,SELL,M5,25951.25,25971.25,25926.25,25876.25,1,5,2,0,-418,0.00,0.00,,0,0.00,0.00,0.00,0.00,0,0,1.03,0,1,0,v12.19,4718154977754080839
2026-04-15,10:27:20,SETUP,SELL,M4,26186.50,26211.50,26160.50,26111.50,1,4,0,0,-20,0.00,0.00,,0,0.00,0.00,0.00,0.00,0,0,1.03,0,1,0,v12.19,4718154977754080839
2026-04-15,10:54:47,SETUP,SELL,M5,26196.75,26220.75,26171.75,26121.75,1,4,0,0,-106,0.00,0.00,,0,0.00,0.00,0.00,0.00,0,0,1.03,0,1,0,v12.19,4718154977754080839
2026-04-15,11:48:35,SETUP,SELL,M5,26166.75,26192.00,26140.50,26091.75,1,5,-1,0,334,0.00,0.00,,0,0.00,0.00,0.00,0.00,0,0,1.03,0,1,2,v12.19,4718154977754080839
2026-04-15,14:59:27,SETUP,SELL,M5,26365.75,26387.00,26340.75,26290.75,1,5,2,0,-336,0.00,0.00,,0,0.00,0.00,0.00,0.00,0,0,1.03,0,1,0,v12.19,4718154977754080839
2026-04-16,10:49:39,SETUP,BUY,M5,26506.00,26473.75,26539.50,26586.25,1,5,3,2,432,0.00,0.00,,0,0.00,0.00,0.00,0.00,0,0,1.03,0,1,0,v12.19,4718154977754080839
2026-04-16,11:33:49,SETUP,BUY,M2,26457.75,26425.00,26491.75,26539.50,1,6,0,2,412,0.00,0.00,,0,0.00,0.00,0.00,0.00,0,0,0.97,0,1,3,v12.19,4718154977754080839
2026-04-16,12:05:41,SETUP,BUY,M4,26457.00,26427.75,26487.50,26532.00,1,7,1,0,190,0.00,0.00,,0,0.00,0.00,0.00,0.00,0,0,0.97,0,1,1,v12.19,4718154977754080839
2026-04-16,12:08:05,SETUP,BUY,M2,26472.00,26442.50,26502.75,26547.00,1,6,2,2,254,0.00,0.00,,0,0.00,0.00,0.00,0.00,0,0,0.97,0,1,2,v12.19,4718154977754080839
2026-04-16,12:15:01,SETUP,BUY,M4,26446.50,26416.50,26477.75,26521.50,1,5,0,0,-118,0.00,0.00,,0,0.00,0.00,0.00,0.00,0,0,0.97,0,1,1,v12.19,4718154977754080839
2026-04-16,12:35:04,SETUP,BUY,M5,26485.75,26457.00,26515.50,26560.75,1,5,-1,0,34,0.00,0.00,,0,0.00,0.00,0.00,0.00,0,0,0.97,0,1,1,v12.19,4718154977754080839
2026-04-16,13:29:19,SETUP,BUY,M5,26389.25,26361.75,26418.00,26464.25,1,4,-1,0,182,0.00,0.00,,0,0.00,0.00,0.00,0.00,0,0,0.97,0,1,1,v12.19,4718154977754080839
2026-04-17,13:23:39,SETUP,BUY,M5,26804.75,26773.50,26837.25,26882.75,1,5,3,0,530,0.00,0.00,,0,0.00,0.00,0.00,0.00,0,0,0.97,0,1,1,v12.19,4718154977754080839
2026-04-20,10:40:24,SETUP,SELL,M5,26651.00,26687.50,26613.00,26560.00,1,6,2,2,-210,0.00,0.00,,0,0.00,0.00,0.00,0.00,0,0,0.97,0,1,1,v12.19,4718154977754080839
2026-04-20,12:01:07,SETUP,SELL,M5,26677.25,26709.00,26644.25,26598.00,1,6,0,-2,110,0.00,0.00,,0,0.00,0.00,0.00,0.00,0,0,0.97,0,1,1,v12.19,4718154977754080839
2026-04-20,13:25:02,SETUP,SELL,M5,26728.50,26756.25,26699.50,26653.50,1,7,1,-4,-518,0.00,0.00,,0,0.00,0.00,0.00,0.00,0,0,0.97,0,1,0,v12.19,4718154977754080839
2026-04-20,14:57:02,SETUP,SELL,M5,26745.00,26768.00,26720.00,26670.00,1,5,0,-4,36,0.00,0.00,,0,0.00,0.00,0.00,0.00,0,0,0.97,0,1,0,v12.19,4718154977754080839
2026-04-20,14:59:41,SETUP,SELL,M4,26749.00,26769.50,26724.00,26674.00,1,6,0,-4,-106,0.00,0.00,,0,0.00,0.00,0.00,0.00,0,0,0.97,0,1,1,v12.19,4718154977754080839
2026-04-21,10:23:28,SETUP,SELL,M5,26742.00,26774.75,26708.00,26660.25,1,4,2,0,-528,0.00,0.00,,0,0.00,0.00,0.00,0.00,0,0,0.97,0,1,1,v12.19,4718154977754080839
2026-04-21,11:35:01,SETUP,SELL,M5,26709.00,26743.50,26673.00,26622.75,1,5,0,0,-308,0.00,0.00,,0,0.00,0.00,0.00,0.00,0,0,0.97,0,1,1,v12.19,4718154977754080839
2026-04-21,11:44:06,SETUP,BUY,M4,26693.50,26659.50,26728.75,26778.00,1,6,1,4,652,0.00,0.00,,0,0.00,0.00,0.00,0.00,0,0,0.97,0,1,0,v12.19,4718154977754080839
2026-04-21,12:06:44,SETUP,BUY,M4,26654.00,26619.25,26690.25,26740.75,1,6,1,4,286,0.00,0.00,,0,0.00,0.00,0.00,0.00,0,0,0.97,0,1,1,v12.19,4718154977754080839
2026-04-21,12:12:50,SETUP,BUY,M4,26644.50,26607.75,26682.75,26736.25,1,4,0,2,304,0.00,0.00,,0,0.00,0.00,0.00,0.00,0,0,0.97,0,1,0,v12.19,4718154977754080839
2026-04-21,12:15:08,SETUP,SELL,M5,26631.50,26667.75,26593.75,26541.00,1,4,0,0,-66,0.00,0.00,,0,0.00,0.00,0.00,0.00,0,0,0.97,0,1,1,v12.19,4718154977754080839
2026-04-21,12:19:56,SETUP,BUY,M4,26625.75,26589.75,26663.25,26715.75,1,4,1,2,170,0.00,0.00,,0,0.00,0.00,0.00,0.00,0,0,0.97,0,1,0,v12.19,4718154977754080839
2026-04-21,14:14:30,SETUP,SELL,M5,26746.00,26783.75,26706.75,26652.00,1,4,1,0,-26,0.00,0.00,,0,0.00,0.00,0.00,0.00,0,0,0.97,0,1,1,v12.19,4718154977754080839
2026-04-22,10:45:26,SETUP,BUY,M5,26998.50,26969.25,27028.75,27073.50,1,4,0,0,490,0.00,0.00,,0,0.00,0.00,0.00,0.00,0,0,0.97,0,1,1,v12.19,4718154977754080839
2026-04-22,11:58:42,SETUP,BUY,M5,26981.25,26952.75,27011.00,27056.25,1,4,-1,0,488,0.00,0.00,,0,0.00,0.00,0.00,0.00,0,0,0.97,0,1,1,v12.19,4718154977754080839
2026-04-22,13:14:08,SETUP,BUY,M5,27019.25,26993.75,27045.75,27094.25,1,5,1,0,-186,0.00,0.00,,0,0.00,0.00,0.00,0.00,0,0,0.97,0,1,2,v12.19,4718154977754080839
2026-04-22,15:24:57,SETUP,BUY,M5,27098.00,27070.00,27127.25,27173.00,1,6,3,2,-136,0.00,0.00,,0,0.00,0.00,0.00,0.00,0,0,0.97,0,1,1,v12.19,4718154977754080839
2026-04-23,10:55:22,SETUP,BUY,M5,27097.00,27069.50,27125.75,27172.00,1,5,-1,0,346,0.00,0.00,,0,0.00,0.00,0.00,0.00,0,0,0.97,0,1,1,v12.19,4718154977754080839
2026-04-23,12:10:36,SETUP,BUY,M5,26942.50,26906.25,26980.25,27033.00,1,5,1,0,132,0.00,0.00,,0,0.00,0.00,0.00,0.00,0,0,0.97,0,1,0,v12.19,4718154977754080839
2026-04-23,12:33:04,SETUP,BUY,M5,26932.25,26892.25,26978.50,27043.25,1,5,1,0,144,0.00,0.00,,0,0.00,0.00,0.00,0.00,0,0,0.97,0,1,0,v12.19,4718154977754080839
2026-04-23,12:52:55,SETUP,BUY,M5,26842.50,26802.50,26892.50,26967.50,1,5,1,-2,540,0.00,0.00,,0,0.00,0.00,0.00,0.00,0,0,0.97,0,1,1,v12.19,4718154977754080839
2026-04-23,13:19:59,SETUP,BUY,M5,26918.50,26878.50,26968.50,27043.50,1,6,2,2,-216,0.00,0.00,,0,0.00,0.00,0.00,0.00,0,0,0.97,0,1,2,v12.19,4718154977754080839
2026-04-23,14:28:11,SETUP,BUY,M5,26924.50,26884.50,26968.75,27030.50,1,4,1,0,148,0.00,0.00,,0,0.00,0.00,0.00,0.00,0,0,0.97,0,1,1,v12.19,4718154977754080839
2026-04-23,15:13:20,SETUP,BUY,M5,26951.75,26914.00,26991.00,27045.75,1,5,2,0,196,0.00,0.00,,0,0.00,0.00,0.00,0.00,0,0,0.97,0,1,2,v12.19,4718154977754080839
2026-04-24,10:44:27,SETUP,BUY,M5,27361.25,27328.00,27396.00,27444.25,1,4,0,0,1066,0.00,0.00,,0,0.00,0.00,0.00,0.00,0,0,0.97,0,1,1,v12.19,4718154977754080839
2026-04-24,11:29:34,SETUP,BUY,M5,27421.25,27385.50,27458.50,27510.25,1,4,2,0,710,0.00,0.00,,0,0.00,0.00,0.00,0.00,0,0,0.97,0,1,0,v12.19,4718154977754080839
2026-04-24,12:39:06,SETUP,BUY,M5,27416.50,27386.00,27448.25,27492.50,1,4,-1,-2,8,0.00,0.00,,0,0.00,0.00,0.00,0.00,0,0,0.97,0,1,0,v12.19,4718154977754080839
2026-04-24,14:06:21,SETUP,BUY,M5,27438.50,27411.25,27467.00,27513.50,1,4,2,-2,284,0.00,0.00,,0,0.00,0.00,0.00,0.00,0,0,0.97,0,1,1,v12.19,4718154977754080839
2026-04-24,15:30:43,SETUP,BUY,M5,27439.75,27419.25,27464.75,27514.75,1,4,0,0,118,0.00,0.00,,0,0.00,0.00,0.00,0.00,0,0,0.97,0,1,0,v12.19,4718154977754080839
2026-04-27,11:54:57,SETUP,BUY,M5,27400.25,27373.00,27428.50,27475.25,1,6,3,0,-168,0.00,0.00,,0,0.00,0.00,0.00,0.00,0,0,0.97,0,1,1,v12.19,4718154977754080839
2026-04-27,14:07:39,SETUP,BUY,M5,27416.25,27392.00,27441.50,27491.25,1,4,0,0,386,0.00,0.00,,0,0.00,0.00,0.00,0.00,0,0,0.97,0,1,1,v12.19,4718154977754080839
2026-04-28,10:22:37,SETUP,SELL,M5,27051.00,27090.25,27010.25,26953.25,1,4,1,0,-232,0.00,0.00,,0,0.00,0.00,0.00,0.00,0,0,0.97,0,1,0,v12.19,4718154977754080839
2026-04-28,10:31:13,SETUP,BUY,M4,27025.50,26987.75,27064.75,27119.75,1,5,1,4,396,0.00,0.00,,0,0.00,0.00,0.00,0.00,0,0,0.97,0,1,1,v12.19,4718154977754080839
2026-04-28,11:07:38,SETUP,SELL,M4,27061.00,27095.25,27025.25,26975.50,1,5,0,-2,-94,0.00,0.00,,0,0.00,0.00,0.00,0.00,0,0,0.97,0,1,1,v12.19,4718154977754080839
2026-04-28,11:28:03,SETUP,SELL,M5,27061.50,27093.25,27028.25,26982.25,1,4,0,0,-362,0.00,0.00,,0,0.00,0.00,0.00,0.00,0,0,0.97,0,1,1,v12.19,4718154977754080839
2026-04-28,13:24:19,SETUP,SELL,M5,27169.75,27196.50,27141.75,27094.75,1,4,2,0,-156,0.00,0.00,,0,0.00,0.00,0.00,0.00,0,0,0.97,0,1,0,v12.19,4718154977754080839
2026-04-28,14:40:40,SETUP,SELL,M5,27179.00,27203.75,27153.25,27104.00,1,5,0,0,-182,0.00,0.00,,0,0.00,0.00,0.00,0.00,0,0,0.97,0,1,0,v12.19,4718154977754080839
2025-06-16,13:23:21,SETUP,SELL,M5,22872.00,22904.00,22838.75,22792.50,1,4,0,0,-38,0.00,0.00,,0,0.00,0.00,0.00,0.00,0,0,0.97,0,1,1,v12.19,4718154977754080839
2025-06-16,14:59:00,SETUP,SELL,M5,22874.50,22902.25,22845.50,22799.50,1,4,-2,2,-224,0.00,0.00,,0,0.00,0.00,0.00,0.00,0,0,0.97,0,1,2,v12.19,4718154977754080839
2025-06-18,14:20:04,SETUP,SELL,M8,22711.25,22733.47,22645.80,22608.39,1,4,-1,0,312,0.00,0.00,,0,0.00,0.00,0.00,0.00,4,2,0.97,0,1,3,v12.19,4718154977754080839
2025-06-18,14:22:51,SETUP,SELL,M8,22687.50,22733.41,22645.89,22608.68,1,4,-1,0,50,0.00,0.00,,0,0.00,0.00,0.00,0.00,4,2,0.97,0,1,3,v12.19,4718154977754080839
2025-06-18,14:33:43,SETUP,SELL,M8,22694.50,22708.51,22645.74,22608.22,1,0,1,0,458,0.00,0.00,,0,0.00,0.00,0.00,0.00,4,2,0.97,0,1,3,v12.19,4718154977754080839
2025-06-18,14:37:11,SETUP,SELL,M8,22702.00,22712.90,22646.33,22609.99,1,0,1,0,242,0.00,0.00,,0,0.00,0.00,0.00,0.00,4,2,0.97,0,1,3,v12.19,4718154977754080839
2025-06-18,14:41:25,SETUP,SELL,M8,22705.00,22721.57,22646.46,22610.38,1,0,1,0,270,0.00,0.00,,0,0.00,0.00,0.00,0.00,4,2,0.97,0,1,3,v12.19,4718154977754080839
2025-06-18,14:44:30,SETUP,SELL,M8,22694.00,22725.74,22646.60,22610.79,1,0,1,0,94,0.00,0.00,,0,0.00,0.00,0.00,0.00,4,2,0.97,0,1,2,v12.19,4718154977754080839
2025-06-18,14:47:31,SETUP,SELL,M8,22702.00,22716.46,22646.65,22610.96,1,0,1,0,344,0.00,0.00,,0,0.00,0.00,0.00,0.00,4,2,0.97,0,1,2,v12.19,4718154977754080839
2025-06-18,14:52:01,SETUP,SELL,M8,22664.75,22691.32,22646.89,22611.67,1,0,1,0,160,0.00,0.00,,0,0.00,0.00,0.00,0.00,4,2,0.97,0,1,1,v12.19,4718154977754080839
2025-06-18,14:54:30,SETUP,SELL,M8,22658.25,22686.27,22647.39,22613.17,1,0,-1,0,82,0.00,0.00,,0,0.00,0.00,0.00,0.00,4,2,0.97,0,1,0,v12.19,4718154977754080839
2025-06-18,15:00:46,SETUP,SELL,M5,22671.25,22705.25,22636.00,22586.50,1,5,0,0,-178,0.00,0.00,,0,0.00,0.00,0.00,0.00,0,0,0.97,0,1,2,v12.19,4718154977754080839
2025-06-25,12:10:22,SETUP,BUY,M5,23153.25,23129.50,23178.25,23228.25,1,5,-1,-2,280,0.00,0.00,,0,0.00,0.00,0.00,0.00,0,0,0.97,0,1,1,v12.19,4718154977754080839
2025-06-25,14:09:16,SETUP,BUY,M5,23168.50,23146.75,23193.50,23243.50,1,4,1,0,294,0.00,0.00,,0,0.00,0.00,0.00,0.00,0,0,0.97,0,1,1,v12.19,4718154977754080839
2025-06-25,15:02:53,SETUP,BUY,M5,23172.00,23150.00,23197.00,23247.00,1,4,1,0,142,0.00,0.00,,0,0.00,0.00,0.00,0.00,0,0,0.97,0,1,1,v12.19,4718154977754080839
2025-06-26,12:22:15,SETUP,SELL,M4,23343.50,23363.50,23318.50,23268.50,1,4,0,0,80,0.00,0.00,,0,0.00,0.00,0.00,0.00,0,0,1.03,0,1,1,v12.19,4718154977754080839
2025-06-26,13:24:01,SETUP,SELL,M5,23383.50,23403.50,23358.50,23308.50,1,4,1,0,-220,0.00,0.00,,0,0.00,0.00,0.00,0.00,0,0,1.03,0,1,0,v12.19,4718154977754080839
2025-06-26,14:52:49,SETUP,SELL,M5,23389.00,23409.00,23364.00,23314.00,1,5,0,0,-84,0.00,0.00,,0,0.00,0.00,0.00,0.00,0,0,1.03,0,1,0,v12.19,4718154977754080839
2025-06-27,14:25:03,SETUP,SELL,M4,23378.75,23405.00,23351.50,23303.75,1,4,0,0,-82,0.00,0.00,,0,0.00,0.00,0.00,0.00,0,0,0.97,0,1,1,v12.19,4718154977754080839
2025-06-30,14:26:51,SETUP,SELL,M4,23586.25,23608.50,23561.25,23511.25,1,4,0,0,-194,0.00,0.00,,0,0.00,0.00,0.00,0.00,0,0,0.97,0,1,1,v12.19,4718154977754080839
2025-07-01,11:38:09,SETUP,SELL,M5,23408.00,23435.50,23379.50,23333.00,1,5,1,-2,-126,0.00,0.00,,0,0.00,0.00,0.00,0.00,0,0,0.97,0,1,0,v12.19,4718154977754080839
2025-07-01,12:53:55,SETUP,SELL,M5,23446.25,23472.50,23418.75,23371.25,1,4,1,0,-296,0.00,0.00,,0,0.00,0.00,0.00,0.00,0,0,0.97,0,1,1,v12.19,4718154977754080839
2025-07-02,11:06:59,SETUP,SELL,M4,23528.25,23550.00,23503.25,23453.25,1,4,-1,-2,304,0.00,0.00,,0,0.00,0.00,0.00,0.00,0,0,0.97,0,1,1,v12.19,4718154977754080839
2025-07-07,12:10:20,SETUP,BUY,M5,23595.75,23565.50,23627.50,23671.50,1,4,-2,0,130,0.00,0.00,,0,0.00,0.00,0.00,0.00,0,0,0.97,0,1,2,v12.19,4718154977754080839
2025-07-08,12:54:03,SETUP,SELL,M4,23640.75,23666.75,23613.75,23565.75,1,5,0,-2,-164,0.00,0.00,,0,0.00,0.00,0.00,0.00,0,0,0.97,0,1,1,v12.19,4718154977754080839
2025-07-09,11:33:06,SETUP,SELL,M4,23686.00,23709.50,23661.00,23611.00,1,4,0,0,-46,0.00,0.00,,0,0.00,0.00,0.00,0.00,0,0,0.97,0,1,1,v12.19,4718154977754080839
2025-07-09,11:55:49,SETUP,SELL,M5,23690.00,23713.00,23665.00,23615.00,1,4,1,0,-296,0.00,0.00,,0,0.00,0.00,0.00,0.00,0,0,0.97,0,1,1,v12.19,4718154977754080839
2025-07-09,13:12:18,SETUP,SELL,M5,23718.75,23742.50,23693.75,23643.75,1,4,1,0,-300,0.00,0.00,,0,0.00,0.00,0.00,0.00,0,0,0.97,0,1,0,v12.19,4718154977754080839
2025-07-09,14:59:32,SETUP,SELL,M5,23761.00,23781.00,23736.00,23686.00,1,4,1,0,-458,0.00,0.00,,0,0.00,0.00,0.00,0.00,0,0,0.97,0,1,0,v12.19,4718154977754080839
2025-07-11,12:28:17,SETUP,SELL,M5,23708.75,23730.75,23683.75,23633.75,1,4,1,0,-56,0.00,0.00,,0,0.00,0.00,0.00,0.00,0,0,0.97,0,1,1,v12.19,4718154977754080839
2025-07-11,13:36:00,SETUP,SELL,M4,23721.25,23742.25,23696.25,23646.25,1,4,0,0,-184,0.00,0.00,,0,0.00,0.00,0.00,0.00,0,0,0.97,0,1,0,v12.19,4718154977754080839
2025-07-11,14:26:02,SETUP,SELL,M4,23683.00,23706.25,23658.00,23608.00,1,5,-1,-2,-302,0.00,0.00,,0,0.00,0.00,0.00,0.00,0,0,0.97,0,1,1,v12.19,4718154977754080839
2025-07-11,14:54:51,SETUP,SELL,M2,23672.25,23694.00,23647.25,23597.25,1,7,-2,0,-154,0.00,0.00,,0,0.00,0.00,0.00,0.00,0,0,0.97,0,1,3,v12.19,4718154977754080839
2025-07-14,12:41:04,SETUP,SELL,M5,23750.75,23770.75,23725.75,23675.75,1,4,1,0,-324,0.00,0.00,,0,0.00,0.00,0.00,0.00,0,0,0.97,0,1,1,v12.19,4718154977754080839
2025-07-14,14:34:00,SETUP,SELL,M5,23740.50,23760.50,23715.50,23665.50,1,4,-2,2,-132,0.00,0.00,,0,0.00,0.00,0.00,0.00,0,0,0.97,0,1,1,v12.19,4718154977754080839
2025-07-16,10:27:14,SETUP,BUY,M5,23679.00,23640.25,23719.50,23775.75,1,4,-1,0,220,0.00,0.00,,0,0.00,0.00,0.00,0.00,0,0,0.97,0,1,2,v12.19,4718154977754080839
2025-07-16,10:52:00,SETUP,BUY,M5,23632.75,23599.00,23668.00,23717.25,1,4,-1,0,-390,0.00,0.00,,0,0.00,0.00,0.00,0.00,0,0,0.97,0,1,2,v12.19,4718154977754080839
2025-07-16,11:26:48,SETUP,BUY,M5,23698.00,23663.25,23734.25,23784.75,1,5,-2,0,244,0.00,0.00,,0,0.00,0.00,0.00,0.00,0,0,0.97,0,1,1,v12.19,4718154977754080839
2025-07-16,11:59:00,SETUP,SELL,M4,23748.25,23780.25,23714.75,23668.25,1,5,0,-2,178,0.00,0.00,,0,0.00,0.00,0.00,0.00,0,0,0.97,0,1,0,v12.19,4718154977754080839
2025-07-16,13:12:00,SETUP,BUY,M5,23738.00,23711.75,23765.25,23813.00,1,4,-2,0,38,0.00,0.00,,0,0.00,0.00,0.00,0.00,0,0,0.97,0,1,1,v12.19,4718154977754080839
2025-07-16,14:59:05,SETUP,BUY,M5,23787.00,23767.00,23812.00,23862.00,1,5,0,0,90,0.00,0.00,,0,0.00,0.00,0.00,0.00,0,0,0.97,0,1,1,v12.19,4718154977754080839
2025-07-17,14:59:02,SETUP,BUY,M5,23959.00,23939.00,23984.00,24034.00,1,5,-1,2,152,0.00,0.00,,0,0.00,0.00,0.00,0.00,0,0,0.97,0,1,2,v12.19,4718154977754080839
2025-07-18,11:37:19,SETUP,BUY,M5,23903.50,23882.75,23928.50,23978.50,1,4,-1,0,452,0.00,0.00,,0,0.00,0.00,0.00,0.00,0,0,0.97,0,1,2,v12.19,4718154977754080839
2025-07-18,12:24:46,SETUP,SELL,M2,23912.75,23933.00,23887.75,23837.75,1,6,-1,-4,-706,0.00,0.00,,0,0.00,0.00,0.00,0.00,0,0,0.97,0,1,1,v12.19,4718154977754080839
2025-07-18,12:55:29,SETUP,BUY,M5,23918.50,23897.75,23943.50,23993.50,1,5,0,0,356,0.00,0.00,,0,0.00,0.00,0.00,0.00,0,0,0.97,0,1,2,v12.19,4718154977754080839
2025-07-18,14:41:06,SETUP,BUY,M5,23922.00,23902.00,23947.00,23997.00,1,4,1,0,100,0.00,0.00,,0,0.00,0.00,0.00,0.00,0,0,0.97,0,1,2,v12.19,4718154977754080839
2025-07-21,12:39:23,SETUP,BUY,M2,24126.75,24106.75,24151.75,24201.75,1,6,1,0,-114,0.00,0.00,,0,0.00,0.00,0.00,0.00,0,0,0.97,0,1,1,v12.19,4718154977754080839
2025-07-22,12:18:50,SETUP,BUY,M5,23930.50,23910.50,23955.50,24005.50,1,5,1,0,286,0.00,0.00,,0,0.00,0.00,0.00,0.00,0,0,1.03,0,1,2,v12.19,4718154977754080839
2025-07-22,13:32:57,SETUP,BUY,M5,23950.00,23930.00,23975.00,24025.00,1,4,-1,0,302,0.00,0.00,,0,0.00,0.00,0.00,0.00,0,0,1.03,0,1,0,v12.19,4718154977754080839
2025-07-23,13:25:52,SETUP,SELL,M5,24013.75,24033.75,23988.75,23938.75,1,4,1,0,-252,0.00,0.00,,0,0.00,0.00,0.00,0.00,0,0,0.97,0,1,0,v12.19,4718154977754080839
2025-07-23,14:46:58,SETUP,SELL,M5,23990.50,24010.50,23965.50,23915.50,1,4,-2,2,-68,0.00,0.00,,0,0.00,0.00,0.00,0.00,0,0,0.97,0,1,2,v12.19,4718154977754080839
2025-07-25,14:23:09,SETUP,SELL,M2,24149.25,24169.25,24124.25,24074.25,1,6,-1,0,-272,0.00,0.00,,0,0.00,0.00,0.00,0.00,0,0,1.03,0,1,1,v12.19,4718154977754080839
2025-07-29,11:11:35,SETUP,BUY,M5,24193.25,24173.25,24218.25,24268.25,1,4,0,0,-78,0.00,0.00,,0,0.00,0.00,0.00,0.00,0,0,0.97,0,1,1,v12.19,4718154977754080839
2025-07-29,11:45:30,SETUP,BUY,M2,24190.25,24169.75,24215.25,24265.25,1,6,0,0,310,0.00,0.00,,0,0.00,0.00,0.00,0.00,0,0,0.97,0,1,2,v12.19,4718154977754080839
2025-07-29,12:07:52,SETUP,BUY,M5,24220.75,24200.75,24245.75,24295.75,1,4,2,0,94,0.00,0.00,,0,0.00,0.00,0.00,0.00,0,0,0.97,0,1,0,v12.19,4718154977754080839
2025-07-29,14:36:01,SETUP,BUY,M5,24148.50,24128.50,24173.50,24223.50,1,5,-2,0,48,0.00,0.00,,0,0.00,0.00,0.00,0.00,0,0,0.97,0,1,0,v12.19,4718154977754080839
2025-07-29,15:13:37,SETUP,BUY,M5,24164.50,24144.50,24189.50,24239.50,1,5,1,0,98,0.00,0.00,,0,0.00,0.00,0.00,0.00,0,0,0.97,0,1,1,v12.19,4718154977754080839
2025-07-31,12:40:46,SETUP,SELL,M4,24174.25,24198.50,24149.00,24099.25,1,4,0,-2,-112,0.00,0.00,,0,0.00,0.00,0.00,0.00,0,0,0.97,0,1,0,v12.19,4718154977754080839
2025-08-01,10:46:48,SETUP,SELL,M5,23700.00,23730.75,23668.00,23623.25,1,4,1,0,-306,0.00,0.00,,0,0.00,0.00,0.00,0.00,0,0,0.97,0,1,2,v12.19,4718154977754080839
2025-08-01,11:38:36,SETUP,SELL,M5,23679.00,23710.00,23646.75,23601.50,1,4,-3,0,-478,0.00,0.00,,0,0.00,0.00,0.00,0.00,0,0,0.97,0,1,1,v12.19,4718154977754080839
2025-08-01,12:18:05,SETUP,SELL,M5,23577.00,23605.75,23547.00,23502.00,1,4,-3,0,98,0.00,0.00,,0,0.00,0.00,0.00,0.00,0,0,0.97,0,1,0,v12.19,4718154977754080839
2025-08-04,14:57:07,SETUP,BUY,M5,24012.00,23992.00,24037.00,24087.00,1,4,1,0,446,0.00,0.00,,0,0.00,0.00,0.00,0.00,0,0,0.97,0,1,1,v12.19,4718154977754080839
2025-08-04,15:00:00,SETUP,SELL,M4,24004.00,24024.00,23979.00,23929.00,1,4,0,0,-412,0.00,0.00,,0,0.00,0.00,0.00,0.00,0,0,0.97,0,1,1,v12.19,4718154977754080839
2025-08-05,12:14:25,SETUP,SELL,M5,23902.25,23931.00,23872.25,23827.25,1,4,-1,0,-240,0.00,0.00,,0,0.00,0.00,0.00,0.00,0,0,0.97,0,1,0,v12.19,4718154977754080839
2025-08-05,13:32:41,SETUP,SELL,M5,23872.75,23900.25,23844.25,23797.75,1,5,-3,0,-322,0.00,0.00,,0,0.00,0.00,0.00,0.00,0,0,0.97,0,1,1,v12.19,4718154977754080839
2025-08-05,14:29:13,SETUP,SELL,M4,23874.50,23899.75,23848.25,23799.50,1,6,-1,-2,-130,0.00,0.00,,0,0.00,0.00,0.00,0.00,0,0,0.97,0,1,1,v12.19,4718154977754080839
2025-08-05,14:32:54,SETUP,SELL,M5,23858.25,23883.75,23831.50,23783.25,1,5,-3,-2,-224,0.00,0.00,,0,0.00,0.00,0.00,0.00,0,0,0.97,0,1,1,v12.19,4718154977754080839
2025-08-05,15:16:12,SETUP,SELL,M4,23818.50,23844.75,23791.00,23743.50,1,5,-1,-2,-418,0.00,0.00,,0,0.00,0.00,0.00,0.00,0,0,0.97,0,1,0,v12.19,4718154977754080839
2025-08-05,15:25:06,SETUP,SELL,M5,23797.25,23823.75,23769.50,23722.25,1,4,-1,0,-320,0.00,0.00,,0,0.00,0.00,0.00,0.00,0,0,0.97,0,1,0,v12.19,4718154977754080839
2025-08-06,12:45:11,SETUP,SELL,M5,24079.50,24102.50,24054.50,24004.50,1,4,2,0,-322,0.00,0.00,,0,0.00,0.00,0.00,0.00,0,0,0.97,0,1,0,v12.19,4718154977754080839
2025-08-06,14:24:37,SETUP,SELL,M5,24135.00,24155.00,24110.00,24060.00,1,4,1,0,-112,0.00,0.00,,0,0.00,0.00,0.00,0.00,0,0,0.97,0,1,0,v12.19,4718154977754080839
2025-08-18,11:49:31,SETUP,BUY,M5,24449.00,24428.50,24474.00,24524.00,1,4,-1,0,222,0.00,0.00,,0,0.00,0.00,0.00,0.00,0,0,0.97,0,1,2,v12.19,4718154977754080839
2025-08-18,14:44:49,SETUP,BUY,M5,24513.25,24493.25,24538.25,24588.25,1,4,1,0,168,0.00,0.00,,0,0.00,0.00,0.00,0.00,0,0,0.97,0,1,0,v12.19,4718154977754080839
2025-08-19,11:58:39,SETUP,SELL,M2,24179.00,24202.25,24154.00,24104.00,1,6,0,0,-226,0.00,0.00,,0,0.00,0.00,0.00,0.00,0,0,0.97,0,1,0,v12.19,4718154977754080839
2025-08-19,15:08:44,SETUP,SELL,M5,24180.25,24200.25,24155.25,24105.25,1,4,1,0,68,0.00,0.00,,0,0.00,0.00,0.00,0.00,0,0,0.97,0,1,2,v12.19,4718154977754080839
2025-08-20,14:20:15,SETUP,BUY,M2,24051.75,24026.00,24078.50,24126.75,1,6,2,0,280,0.00,0.00,,0,0.00,0.00,0.00,0.00,0,0,0.97,0,1,1,v12.19,4718154977754080839
2025-08-20,14:30:55,SETUP,BUY,M2,24048.75,24023.25,24075.50,24123.75,1,7,0,0,84,0.00,0.00,,0,0.00,0.00,0.00,0.00,0,0,0.97,0,1,1,v12.19,4718154977754080839
2025-08-22,11:56:33,SETUP,BUY,M4,24237.00,24209.75,24265.25,24312.00,1,7,0,4,120,0.00,0.00,,0,0.00,0.00,0.00,0.00,0,0,0.97,0,1,0,v12.19,4718154977754080839
2025-08-25,14:06:11,SETUP,BUY,M2,24280.50,24260.50,24305.50,24355.50,1,6,1,0,468,0.00,0.00,,0,0.00,0.00,0.00,0.00,0,0,0.97,0,1,1,v12.19,4718154977754080839
2025-08-26,12:56:33,SETUP,SELL,M5,24216.25,24236.25,24191.25,24141.25,1,4,0,0,74,0.00,0.00,,0,0.00,0.00,0.00,0.00,0,0,0.97,0,1,2,v12.19,4718154977754080839
2025-08-26,14:24:02,SETUP,SELL,M5,24276.00,24296.00,24251.00,24201.00,1,5,1,0,-130,0.00,0.00,,0,0.00,0.00,0.00,0.00,0,0,0.97,0,1,2,v12.19,4718154977754080839
2025-08-26,15:00:19,SETUP,SELL,M5,24297.00,24317.00,24272.00,24222.00,1,5,2,0,-122,0.00,0.00,,0,0.00,0.00,0.00,0.00,0,0,0.97,0,1,0,v12.19,4718154977754080839
2025-08-27,11:37:19,SETUP,BUY,M5,24268.75,24247.50,24293.75,24343.75,1,6,-2,0,232,0.00,0.00,,0,0.00,0.00,0.00,0.00,0,0,0.97,0,1,1,v12.19,4718154977754080839
2025-08-27,13:10:45,SETUP,BUY,M5,24351.00,24331.00,24376.00,24426.00,1,4,3,0,408,0.00,0.00,,0,0.00,0.00,0.00,0.00,0,0,0.97,0,1,2,v12.19,4718154977754080839
2025-08-28,11:55:01,SETUP,SELL,M5,24444.50,24467.50,24419.50,24369.50,1,4,1,0,-434,0.00,0.00,,0,0.00,0.00,0.00,0.00,0,0,0.97,0,1,2,v12.19,4718154977754080839
2025-08-28,13:43:37,SETUP,SELL,M5,24493.75,24513.75,24468.75,24418.75,1,4,2,0,-124,0.00,0.00,,0,0.00,0.00,0.00,0.00,0,0,0.97,0,1,0,v12.19,4718154977754080839
2025-08-28,14:59:32,SETUP,SELL,M5,24477.25,24497.25,24452.25,24402.25,1,4,0,2,-188,0.00,0.00,,0,0.00,0.00,0.00,0.00,0,0,0.97,0,1,1,v12.19,4718154977754080839
2025-08-29,11:55:41,SETUP,SELL,M2,24180.25,24204.50,24155.00,24105.25,1,6,0,-4,-370,0.00,0.00,,0,0.00,0.00,0.00,0.00,0,0,0.97,0,1,0,v12.19,4718154977754080839
2025-08-29,12:20:08,SETUP,BUY,M5,24136.25,24110.75,24162.75,24211.25,1,4,-2,0,324,0.00,0.00,,0,0.00,0.00,0.00,0.00,0,0,0.97,0,1,1,v12.19,4718154977754080839
2025-08-29,14:11:50,SETUP,SELL,M8,24185.50,24192.04,24171.48,24148.11,1,5,0,-3,-4,0.00,0.00,,0,0.00,0.00,0.00,0.00,7,4,0.97,0,1,3,v12.19,4718154977754080839
2025-08-29,14:17:45,SETUP,SELL,M8,24187.25,24200.43,24173.48,24150.53,1,4,2,-3,74,0.00,0.00,,0,0.00,0.00,0.00,0.00,7,4,0.97,0,1,3,v12.19,4718154977754080839
2025-08-29,14:57:12,SETUP,BUY,M5,24166.00,24143.75,24191.00,24241.00,1,4,0,0,2,0.00,0.00,,0,0.00,0.00,0.00,0.00,0,0,0.97,0,1,2,v12.19,4718154977754080839
2025-09-02,15:11:27,SETUP,BUY,M2,24059.75,24035.00,24085.50,24134.75,1,6,2,0,-30,0.00,0.00,,0,0.00,0.00,0.00,0.00,0,0,0.97,0,1,0,v12.19,4718154977754080839
2025-09-03,11:53:27,SETUP,BUY,M5,24119.00,24094.25,24144.75,24194.00,1,4,-2,0,170,0.00,0.00,,0,0.00,0.00,0.00,0.00,0,0,0.97,0,1,1,v12.19,4718154977754080839
2025-09-03,12:45:57,SETUP,BUY,M5,24093.25,24069.00,24118.50,24168.25,1,4,-2,0,242,0.00,0.00,,0,0.00,0.00,0.00,0.00,0,0,0.97,0,1,2,v12.19,4718154977754080839
2025-09-03,13:38:29,SETUP,BUY,M5,24045.50,24019.75,24072.25,24120.50,1,6,-1,0,152,0.00,0.00,,0,0.00,0.00,0.00,0.00,0,0,0.97,0,1,0,v12.19,4718154977754080839
2025-09-03,13:42:11,SETUP,BUY,M2,24062.75,24037.00,24089.50,24137.75,1,6,0,0,256,0.00,0.00,,0,0.00,0.00,0.00,0.00,0,0,0.97,0,1,1,v12.19,4718154977754080839
2025-09-03,13:49:48,SETUP,BUY,M2,24056.50,24031.00,24083.00,24131.50,1,6,0,0,350,0.00,0.00,,0,0.00,0.00,0.00,0.00,0,0,0.97,0,1,0,v12.19,4718154977754080839
2025-09-03,14:47:01,SETUP,BUY,M5,24112.25,24091.00,24137.25,24187.25,1,4,2,0,142,0.00,0.00,,0,0.00,0.00,0.00,0.00,0,0,0.97,0,1,2,v12.19,4718154977754080839
2025-09-04,10:31:01,SETUP,SELL,M5,24245.00,24269.00,24220.00,24170.00,1,4,0,0,-128,0.00,0.00,,0,0.00,0.00,0.00,0.00,0,0,0.97,0,1,0,v12.19,4718154977754080839
2025-09-04,13:35:12,SETUP,SELL,M5,24324.25,24344.25,24299.25,24249.25,1,4,2,0,-118,0.00,0.00,,0,0.00,0.00,0.00,0.00,0,0,0.97,0,1,0,v12.19,4718154977754080839
2025-09-04,15:16:30,SETUP,SELL,M5,24394.25,24415.50,24369.25,24319.25,1,4,2,0,-150,0.00,0.00,,0,0.00,0.00,0.00,0.00,0,0,0.97,0,1,0,v12.19,4718154977754080839
2025-09-08,11:38:31,SETUP,BUY,M5,24521.50,24501.25,24546.50,24596.50,1,4,-1,0,268,0.00,0.00,,0,0.00,0.00,0.00,0.00,0,0,0.97,0,1,0,v12.19,4718154977754080839
2025-09-08,12:52:36,SETUP,BUY,M5,24494.00,24472.00,24519.00,24569.00,1,4,1,0,330,0.00,0.00,,0,0.00,0.00,0.00,0.00,0,0,0.97,0,1,1,v12.19,4718154977754080839
2025-09-08,14:25:27,SETUP,BUY,M5,24486.75,24466.75,24511.75,24561.75,1,4,-1,0,186,0.00,0.00,,0,0.00,0.00,0.00,0.00,0,0,0.97,0,1,1,v12.19,4718154977754080839
2025-09-08,15:38:00,SETUP,BUY,M5,24510.75,24490.75,24535.75,24585.75,1,5,3,0,-121,0.00,0.00,,0,0.00,0.00,0.00,0.00,0,0,0.97,0,1,2,v12.19,4718154977754080839
2025-09-09,12:30:25,SETUP,SELL,M5,24539.50,24559.50,24514.50,24464.50,1,4,1,0,-308,0.00,0.00,,0,0.00,0.00,0.00,0.00,0,0,0.97,0,1,1,v12.19,4718154977754080839
2025-09-09,14:11:00,SETUP,SELL,M5,24555.25,24575.25,24530.25,24480.25,1,4,2,0,148,0.00,0.00,,0,0.00,0.00,0.00,0.00,0,0,0.97,0,1,0,v12.19,4718154977754080839
2025-09-09,15:01:10,SETUP,SELL,M5,24559.25,24579.25,24534.25,24484.25,1,4,1,0,-138,0.00,0.00,,0,0.00,0.00,0.00,0.00,0,0,0.97,0,1,2,v12.19,4718154977754080839
2025-09-10,14:21:29,SETUP,BUY,M4,24510.50,24488.50,24535.50,24585.50,1,4,1,0,6,0.00,0.00,,0,0.00,0.00,0.00,0.00,0,0,0.97,0,1,0,v12.19,4718154977754080839
2025-09-11,13:08:13,SETUP,SELL,M2,24736.25,24756.25,24711.25,24661.25,1,6,0,-2,-78,0.00,0.00,,0,0.00,0.00,0.00,0.00,0,0,0.97,0,1,2,v12.19,4718154977754080839
2025-09-25,11:59:45,SETUP,SELL,M2,25085.25,25110.75,25058.75,25010.25,1,6,-1,0,-234,0.00,0.00,,0,0.00,0.00,0.00,0.00,0,0,0.97,0,1,3,v12.19,4718154977754080839
2025-09-25,14:30:26,SETUP,SELL,M2,25079.25,25103.25,25054.25,25004.25,1,6,-1,0,-146,0.00,0.00,,0,0.00,0.00,0.00,0.00,0,0,0.97,0,1,0,v12.19,4718154977754080839
2025-10-07,10:45:47,SETUP,SELL,M5,25478.75,25507.75,25448.75,25403.75,1,4,1,0,-4,0.00,0.00,,0,0.00,0.00,0.00,0.00,0,0,0.97,0,1,0,v12.19,4718154977754080839
2025-10-07,10:53:00,SETUP,SELL,M2,25465.50,25495.00,25434.75,25390.50,1,6,-1,0,-130,0.00,0.00,,0,0.00,0.00,0.00,0.00,0,0,0.97,0,1,1,v12.19,4718154977754080839
2025-10-07,11:16:21,SETUP,SELL,M5,25474.75,25504.00,25444.25,25399.75,1,5,0,0,-134,0.00,0.00,,0,0.00,0.00,0.00,0.00,0,0,0.97,0,1,0,v12.19,4718154977754080839
2025-10-07,12:01:51,SETUP,SELL,M5,25503.00,25530.75,25474.25,25428.00,1,4,2,0,-114,0.00,0.00,,0,0.00,0.00,0.00,0.00,0,0,0.97,0,1,2,v12.19,4718154977754080839
2025-10-10,10:32:45,SETUP,BUY,M5,25193.50,25153.50,25243.50,25318.50,1,5,-1,0,98,0.00,0.00,,0,0.00,0.00,0.00,0.00,0,0,0.88,0,1,0,v12.19,4718154977754080839
2025-10-10,10:44:59,SETUP,BUY,M5,25361.00,25321.00,25411.00,25486.00,1,4,1,-4,-184,0.00,0.00,,0,0.00,0.00,0.00,0.00,0,0,0.88,0,1,2,v12.19,4718154977754080839
2025-10-10,11:01:17,SETUP,BUY,M5,25269.50,25229.50,25319.50,25394.50,1,5,-1,0,144,0.00,0.00,,0,0.00,0.00,0.00,0.00,0,0,0.88,0,1,2,v12.19,4718154977754080839
2025-10-10,11:52:51,SETUP,BUY,M5,25147.25,25107.25,25192.25,25255.00,1,5,0,0,74,0.00,0.00,,0,0.00,0.00,0.00,0.00,0,0,0.88,0,1,1,v12.19,4718154977754080839
2025-10-10,12:27:11,SETUP,BUY,M5,25181.25,25141.25,25224.50,25284.75,1,4,3,0,296,0.00,0.00,,0,0.00,0.00,0.00,0.00,0,0,0.88,0,1,2,v12.19,4718154977754080839
2025-10-10,13:44:54,SETUP,BUY,M5,25111.75,25071.75,25154.00,25213.00,1,6,1,4,194,0.00,0.00,,0,0.00,0.00,0.00,0.00,0,0,0.88,0,1,1,v12.19,4718154977754080839
2025-10-10,14:28:15,SETUP,BUY,M5,24999.00,24965.25,25034.00,25083.00,1,6,-1,0,160,0.00,0.00,,0,0.00,0.00,0.00,0.00,0,0,0.88,0,1,0,v12.19,4718154977754080839
2025-10-14,15:29:06,SETUP,BUY,M2,25222.75,25182.75,25264.75,25323.25,1,6,0,0,170,0.00,0.00,,0,0.00,0.00,0.00,0.00,0,0,0.88,0,1,1,v12.19,4718154977754080839
2025-10-15,12:16:03,SETUP,BUY,M4,25176.75,25136.75,25218.75,25277.25,1,4,1,2,530,0.00,0.00,,0,0.00,0.00,0.00,0.00,0,0,0.88,0,1,0,v12.19,4718154977754080839
2025-10-16,13:07:27,SETUP,BUY,M4,25237.25,25197.25,25284.75,25351.25,1,4,0,2,-38,0.00,0.00,,0,0.00,0.00,0.00,0.00,0,0,0.88,0,1,0,v12.19,4718154977754080839
2025-10-16,14:59:57,SETUP,BUY,M5,25317.00,25277.50,25358.25,25415.75,1,5,3,0,224,0.00,0.00,,0,0.00,0.00,0.00,0.00,0,0,0.88,0,1,1,v12.19,4718154977754080839
2025-10-17,11:55:55,SETUP,BUY,M4,25369.50,25329.50,25414.75,25477.75,1,4,0,0,92,0.00,0.00,,0,0.00,0.00,0.00,0.00,0,0,0.88,0,1,1,v12.19,4718154977754080839
2025-10-17,14:32:15,SETUP,BUY,M5,25476.50,25440.25,25514.25,25566.75,1,4,-1,0,30,0.00,0.00,,0,0.00,0.00,0.00,0.00,0,0,0.97,0,1,1,v12.19,4718154977754080839
2025-10-22,14:13:58,SETUP,SELL,M5,25460.75,25496.50,25423.50,25371.50,1,4,2,0,-84,0.00,0.00,,0,0.00,0.00,0.00,0.00,0,0,0.97,0,1,0,v12.19,4718154977754080839
2025-10-22,14:59:55,SETUP,SELL,M5,25509.50,25538.00,25479.75,25434.50,1,4,0,-2,96,0.00,0.00,,0,0.00,0.00,0.00,0.00,0,0,0.97,0,1,0,v12.19,4718154977754080839
2025-11-18,11:56:56,SETUP,SELL,M5,25240.75,25280.75,25190.75,25115.75,1,4,1,0,-196,0.00,0.00,,0,0.00,0.00,0.00,0.00,0,0,0.88,0,1,1,v12.19,4718154977754080839
2025-11-18,12:42:01,SETUP,SELL,M5,25224.00,25264.00,25174.00,25099.00,1,5,1,-2,-354,0.00,0.00,,0,0.00,0.00,0.00,0.00,0,0,0.88,0,1,0,v12.19,4718154977754080839
2025-11-18,13:31:04,SETUP,SELL,M5,25165.00,25205.00,25115.00,25040.00,1,5,-1,0,-80,0.00,0.00,,0,0.00,0.00,0.00,0.00,0,0,0.88,0,1,1,v12.19,4718154977754080839
2025-11-18,14:18:36,SETUP,SELL,M5,25183.75,25223.75,25133.75,25063.50,1,4,1,0,70,0.00,0.00,,0,0.00,0.00,0.00,0.00,0,0,0.88,0,1,1,v12.19,4718154977754080839
2025-11-18,14:58:16,SETUP,SELL,M5,25069.75,25109.75,25024.75,24962.25,1,5,1,2,-150,0.00,0.00,,0,0.00,0.00,0.00,0.00,0,0,0.88,0,1,0,v12.19,4718154977754080839
2025-11-19,11:26:33,SETUP,BUY,M4,25086.75,25046.75,25131.25,25193.25,1,6,1,2,58,0.00,0.00,,0,0.00,0.00,0.00,0.00,0,0,0.88,0,1,0,v12.19,4718154977754080839
2025-11-19,11:39:43,SETUP,BUY,M4,25040.50,25000.50,25087.00,25151.75,1,4,0,0,164,0.00,0.00,,0,0.00,0.00,0.00,0.00,0,0,0.88,0,1,1,v12.19,4718154977754080839
2025-11-19,13:41:16,SETUP,BUY,M5,25069.75,25029.75,25119.50,25189.00,1,4,-1,0,148,0.00,0.00,,0,0.00,0.00,0.00,0.00,0,0,0.88,0,1,1,v12.19,4718154977754080839
2025-11-19,14:35:52,SETUP,BUY,M5,25279.25,25239.25,25326.25,25391.75,1,5,1,0,278,0.00,0.00,,0,0.00,0.00,0.00,0.00,0,0,0.97,0,1,1,v12.19,4718154977754080839
2025-11-19,15:15:21,SETUP,BUY,M5,25287.00,25247.00,25337.00,25412.00,1,5,1,-4,544,0.00,0.00,,0,0.00,0.00,0.00,0.00,0,0,0.88,0,1,0,v12.19,4718154977754080839
2025-11-20,11:07:42,SETUP,BUY,M5,25045.00,25005.00,25095.00,25170.00,1,4,-1,0,218,0.00,0.00,,0,0.00,0.00,0.00,0.00,0,0,0.88,0,1,1,v12.19,4718154977754080839
2025-11-20,11:18:25,SETUP,BUY,M4,24901.50,24861.50,24951.50,25026.50,1,4,1,0,28,0.00,0.00,,0,0.00,0.00,0.00,0.00,0,0,0.88,0,1,0,v12.19,4718154977754080839
2025-11-20,11:20:39,SETUP,BUY,M4,24865.75,24825.75,24915.75,24990.75,1,6,1,2,412,0.00,0.00,,0,0.00,0.00,0.00,0.00,0,0,0.88,0,1,0,v12.19,4718154977754080839
2025-11-20,11:24:33,SETUP,BUY,M5,24866.50,24826.50,24916.50,24991.50,1,4,1,0,8,0.00,0.00,,0,0.00,0.00,0.00,0.00,0,0,0.88,0,1,0,v12.19,4718154977754080839
2025-11-20,11:46:14,SETUP,BUY,M5,24812.75,24772.75,24862.75,24937.75,1,5,1,0,148,0.00,0.00,,0,0.00,0.00,0.00,0.00,0,0,0.88,0,1,1,v12.19,4718154977754080839
2025-11-20,12:11:03,SETUP,BUY,M5,25018.00,24978.00,25068.00,25143.00,1,4,3,-2,218,0.00,0.00,,0,0.00,0.00,0.00,0.00,0,0,0.88,0,1,1,v12.19,4718154977754080839
2025-11-20,12:19:23,SETUP,BUY,M2,24998.25,24958.25,25048.25,25123.25,1,6,0,0,148,0.00,0.00,,0,0.00,0.00,0.00,0.00,0,0,0.88,0,1,0,v12.19,4718154977754080839
2025-11-20,12:33:35,SETUP,BUY,M4,24920.75,24880.75,24970.75,25045.75,1,6,1,2,140,0.00,0.00,,0,0.00,0.00,0.00,0.00,0,0,0.88,0,1,1,v12.19,4718154977754080839
2025-11-20,13:16:02,SETUP,BUY,M5,24776.00,24736.00,24826.00,24901.00,1,4,1,-2,24,0.00,0.00,,0,0.00,0.00,0.00,0.00,0,0,0.88,0,1,1,v12.19,4718154977754080839
2025-11-20,13:34:33,SETUP,BUY,M2,24778.50,24738.50,24828.50,24903.50,1,6,2,0,110,0.00,0.00,,0,0.00,0.00,0.00,0.00,0,0,0.88,0,1,0,v12.19,4718154977754080839
2025-11-21,12:11:41,SETUP,BUY,M5,24704.50,24664.50,24754.50,24829.50,1,4,-1,0,228,0.00,0.00,,0,0.00,0.00,0.00,0.00,0,0,0.88,0,1,0,v12.19,4718154977754080839
2025-11-21,12:49:45,SETUP,BUY,M5,25017.75,24977.75,25067.75,25142.75,1,4,2,0,100,0.00,0.00,,0,0.00,0.00,0.00,0.00,0,0,0.97,0,1,1,v12.19,4718154977754080839
2025-11-21,13:30:36,SETUP,BUY,M5,25011.75,24971.75,25061.75,25134.00,1,5,3,-4,-106,0.00,0.00,,0,0.00,0.00,0.00,0.00,0,0,0.97,0,1,0,v12.19,4718154977754080839
2025-11-21,14:31:50,SETUP,BUY,M5,24859.50,24819.50,24909.50,24984.50,1,4,-1,0,348,0.00,0.00,,0,0.00,0.00,0.00,0.00,0,0,0.97,0,1,1,v12.19,4718154977754080839
2025-11-21,15:00:03,SETUP,BUY,M5,24786.25,24746.25,24828.75,24888.25,1,4,1,0,194,0.00,0.00,,0,0.00,0.00,0.00,0.00,0,0,0.97,0,1,0,v12.19,4718154977754080839
2025-12-11,10:28:14,SETUP,BUY,M4,25957.50,25920.25,25996.50,26050.75,1,4,1,2,260,0.00,0.00,,0,0.00,0.00,0.00,0.00,0,0,0.97,0,1,0,v12.19,4718154977754080839
2025-12-11,10:59:43,SETUP,SELL,M5,25983.25,26018.75,25946.25,25894.75,1,4,1,0,-168,0.00,0.00,,0,0.00,0.00,0.00,0.00,0,0,0.97,0,1,1,v12.19,4718154977754080839
2025-12-11,11:53:03,SETUP,SELL,M5,26062.00,26093.50,26029.25,25983.75,1,4,1,2,-126,0.00,0.00,,0,0.00,0.00,0.00,0.00,0,0,0.97,0,1,0,v12.19,4718154977754080839
2025-12-11,13:35:27,SETUP,SELL,M5,26167.50,26194.00,26140.00,26092.50,1,6,2,0,-4,0.00,0.00,,0,0.00,0.00,0.00,0.00,0,0,0.97,0,1,0,v12.19,4718154977754080839
2025-12-11,14:56:29,SETUP,SELL,M5,26175.75,26201.50,26149.00,26100.75,1,4,1,0,200,0.00,0.00,,0,0.00,0.00,0.00,0.00,0,0,0.97,0,1,0,v12.19,4718154977754080839
2025-12-16,12:06:10,SETUP,BUY,M2,25428.25,25388.25,25470.25,25529.25,1,7,1,0,122,0.00,0.00,,0,0.00,0.00,0.00,0.00,0,0,0.97,0,1,2,v12.19,4718154977754080839
2025-12-16,12:18:02,SETUP,BUY,M2,25425.75,25386.25,25466.75,25524.25,1,6,1,0,76,0.00,0.00,,0,0.00,0.00,0.00,0.00,0,0,0.97,0,1,2,v12.19,4718154977754080839
2025-12-17,10:35:44,SETUP,BUY,M4,25273.25,25233.25,25316.50,25376.75,1,4,1,0,378,0.00,0.00,,0,0.00,0.00,0.00,0.00,0,0,0.97,0,1,1,v12.19,4718154977754080839
2025-12-17,12:42:04,SETUP,BUY,M5,25188.00,25150.00,25227.50,25282.75,1,5,-1,0,198,0.00,0.00,,0,0.00,0.00,0.00,0.00,0,0,0.97,0,1,2,v12.19,4718154977754080839
2025-12-17,13:53:21,SETUP,BUY,M5,25184.25,25151.50,25218.25,25265.75,1,4,1,-2,100,0.00,0.00,,0,0.00,0.00,0.00,0.00,0,0,0.97,0,1,1,v12.19,4718154977754080839
2025-12-17,14:32:10,SETUP,BUY,M4,25154.25,25122.00,25187.75,25234.50,1,6,1,2,310,0.00,0.00,,0,0.00,0.00,0.00,0.00,0,0,0.97,0,1,1,v12.19,4718154977754080839
2025-12-17,14:58:01,SETUP,BUY,M5,25109.25,25079.50,25140.25,25184.25,1,8,1,4,-138,0.00,0.00,,0,0.00,0.00,0.00,0.00,0,0,0.97,0,1,1,v12.19,4718154977754080839
2025-12-17,14:59:16,SETUP,BUY,M4,25114.00,25084.50,25144.50,25189.00,1,5,0,2,-142,0.00,0.00,,0,0.00,0.00,0.00,0.00,0,0,0.97,0,1,1,v12.19,4718154977754080839
2025-12-18,12:28:10,SETUP,SELL,M5,25596.25,25629.50,25561.75,25513.50,1,5,2,-2,132,0.00,0.00,,0,0.00,0.00,0.00,0.00,0,0,0.97,0,1,0,v12.19,4718154977754080839
2025-12-18,14:47:08,SETUP,SELL,M5,25547.50,25580.00,25513.50,25466.25,1,4,2,0,-154,0.00,0.00,,0,0.00,0.00,0.00,0.00,0,0,0.97,0,1,2,v12.19,4718154977754080839
2025-12-19,10:49:21,SETUP,BUY,M4,25723.25,25694.25,25753.50,25798.25,1,4,0,0,144,0.00,0.00,,0,0.00,0.00,0.00,0.00,0,0,0.97,0,1,1,v12.19,4718154977754080839
2025-12-23,14:51:30,SETUP,SELL,M5,26007.50,26027.50,25982.50,25932.50,1,4,1,2,-336,0.00,0.00,,0,0.00,0.00,0.00,0.00,0,0,1.03,0,1,1,v12.19,4718154977754080839
2025-12-26,14:20:07,SETUP,BUY,M4,26083.50,26063.50,26108.50,26158.50,1,5,0,0,110,0.00,0.00,,0,0.00,0.00,0.00,0.00,0,0,1.03,0,1,1,v12.19,4718154977754080839
2025-12-31,14:54:51,SETUP,BUY,M4,25706.25,25679.25,25734.25,25781.25,1,4,1,0,178,0.00,0.00,,0,0.00,0.00,0.00,0.00,0,0,1.03,0,1,1,v12.19,4718154977754080839
2026-01-02,10:52:10,SETUP,BUY,M4,25529.25,25489.25,25574.00,25636.50,1,4,0,2,320,0.00,0.00,,0,0.00,0.00,0.00,0.00,0,0,0.97,0,1,0,v12.19,4718154977754080839
2026-01-02,12:07:05,SETUP,SELL,M5,25537.75,25576.00,25498.00,25442.25,1,4,2,2,-160,0.00,0.00,,0,0.00,0.00,0.00,0.00,0,0,0.97,0,1,1,v12.19,4718154977754080839
2026-01-02,13:41:54,SETUP,SELL,M5,25644.25,25679.75,25607.25,25555.75,1,4,2,0,-108,0.00,0.00,,0,0.00,0.00,0.00,0.00,0,0,0.97,0,1,2,v12.19,4718154977754080839
2026-01-02,14:55:56,SETUP,SELL,M5,25583.25,25615.00,25550.25,25504.00,1,4,-1,0,-326,0.00,0.00,,0,0.00,0.00,0.00,0.00,0,0,0.97,0,1,1,v12.19,4718154977754080839
2026-01-06,11:48:36,SETUP,BUY,M2,25971.00,25948.00,25996.00,26046.00,1,6,1,0,-228,0.00,0.00,,0,0.00,0.00,0.00,0.00,0,0,0.97,0,1,0,v12.19,4718154977754080839
2026-01-07,14:38:28,SETUP,BUY,M4,26044.75,26022.25,26069.75,26119.75,1,6,1,2,218,0.00,0.00,,0,0.00,0.00,0.00,0.00,0,0,0.97,0,1,0,v12.19,4718154977754080839
2026-01-13,15:18:02,SETUP,SELL,M5,26109.75,26131.50,26084.75,26034.75,1,4,2,0,-226,0.00,0.00,,0,0.00,0.00,0.00,0.00,0,0,0.97,0,1,1,v12.19,4718154977754080839
2026-01-15,11:34:04,SETUP,BUY,M4,26088.50,26060.75,26117.25,26163.50,1,5,0,2,102,0.00,0.00,,0,0.00,0.00,0.00,0.00,0,0,0.97,0,1,1,v12.19,4718154977754080839
2026-01-15,14:49:54,SETUP,BUY,M4,25919.50,25890.75,25949.50,25994.50,1,6,1,4,-46,0.00,0.00,,0,0.00,0.00,0.00,0.00,0,0,0.97,0,1,1,v12.19,4718154977754080839
2026-01-20,12:53:34,SETUP,BUY,M4,25410.25,25379.25,25442.50,25487.75,1,4,1,0,390,0.00,0.00,,0,0.00,0.00,0.00,0.00,0,0,0.97,0,1,0,v12.19,4718154977754080839
2026-01-20,13:31:16,SETUP,BUY,M4,25361.25,25332.25,25391.50,25436.25,1,5,0,0,240,0.00,0.00,,0,0.00,0.00,0.00,0.00,0,0,0.97,0,1,0,v12.19,4718154977754080839
2026-01-20,14:21:05,SETUP,BUY,M4,25346.00,25315.75,25377.50,25421.50,1,6,1,4,158,0.00,0.00,,0,0.00,0.00,0.00,0.00,0,0,0.97,0,1,0,v12.19,4718154977754080839
2026-01-23,11:46:32,SETUP,BUY,M5,25940.50,25912.25,25970.00,26015.50,1,5,-1,0,282,0.00,0.00,,0,0.00,0.00,0.00,0.00,0,0,0.97,0,1,0,v12.19,4718154977754080839
2026-01-23,12:39:12,SETUP,BUY,M5,25939.25,25908.25,25971.50,26016.25,1,4,2,0,-268,0.00,0.00,,0,0.00,0.00,0.00,0.00,0,0,0.97,0,1,1,v12.19,4718154977754080839
2026-01-23,12:45:17,SETUP,BUY,M2,25941.75,25911.00,25973.75,26018.50,1,7,1,2,-150,0.00,0.00,,0,0.00,0.00,0.00,0.00,0,0,0.97,0,1,1,v12.19,4718154977754080839
2026-01-23,14:11:55,SETUP,BUY,M5,25941.75,25912.25,25972.50,26016.75,1,6,1,0,404,0.00,0.00,,0,0.00,0.00,0.00,0.00,0,0,0.97,0,1,2,v12.19,4718154977754080839
2026-01-23,15:10:27,SETUP,BUY,M5,25891.50,25866.50,25917.50,25966.50,1,5,2,4,-76,0.00,0.00,,0,0.00,0.00,0.00,0.00,0,0,0.97,0,1,0,v12.19,4718154977754080839
2026-01-26,15:02:04,SETUP,BUY,M5,26055.50,26035.50,26080.50,26130.50,1,5,-1,0,150,0.00,0.00,,0,0.00,0.00,0.00,0.00,0,0,0.97,0,1,0,v12.19,4718154977754080839
2026-01-29,11:57:28,SETUP,BUY,M4,25984.50,25946.50,26024.25,26079.50,1,5,1,2,192,0.00,0.00,,0,0.00,0.00,0.00,0.00,0,0,0.97,0,1,1,v12.19,4718154977754080839
2026-01-30,14:58:50,SETUP,SELL,M5,25871.50,25909.75,25831.75,25776.00,1,4,1,0,-70,0.00,0.00,,0,0.00,0.00,0.00,0.00,0,0,0.97,0,1,2,v12.19,4718154977754080839
2026-02-03,11:36:35,SETUP,BUY,M4,25581.25,25545.00,25619.00,25671.75,1,6,1,2,150,0.00,0.00,,0,0.00,0.00,0.00,0.00,0,0,0.97,0,1,0,v12.19,4718154977754080839
2026-02-03,13:00:02,SETUP,BUY,M4,25454.75,25419.00,25492.00,25543.75,1,6,0,4,316,0.00,0.00,,0,0.00,0.00,0.00,0.00,0,0,0.97,0,1,0,v12.19,4718154977754080839
2026-02-03,15:18:08,SETUP,BUY,M4,25624.25,25586.25,25663.75,25719.00,1,4,0,0,10,0.00,0.00,,0,0.00,0.00,0.00,0.00,0,0,0.97,0,1,1,v12.19,4718154977754080839
2026-02-04,11:40:08,SETUP,BUY,M4,25046.75,25006.75,25096.75,25171.75,1,6,1,2,150,0.00,0.00,,0,0.00,0.00,0.00,0.00,0,0,0.88,0,1,0,v12.19,4718154977754080839
2026-02-05,12:48:36,SETUP,SELL,M5,24876.75,24916.75,24826.75,24751.75,1,4,-1,0,-154,0.00,0.00,,0,0.00,0.00,0.00,0.00,0,0,0.88,0,1,1,v12.19,4718154977754080839
2026-02-05,13:54:17,SETUP,SELL,M5,24904.25,24944.25,24854.25,24780.25,1,4,1,2,-142,0.00,0.00,,0,0.00,0.00,0.00,0.00,0,0,0.88,0,1,1,v12.19,4718154977754080839
2026-02-05,14:42:43,SETUP,SELL,M5,24818.50,24858.50,24770.25,24702.75,1,4,2,4,-234,0.00,0.00,,0,0.00,0.00,0.00,0.00,0,0,0.88,0,1,1,v12.19,4718154977754080839
2026-02-05,14:47:51,SETUP,BUY,M2,24822.00,24782.00,24869.00,24934.75,1,6,2,4,324,0.00,0.00,,0,0.00,0.00,0.00,0.00,0,0,0.88,0,1,0,v12.19,4718154977754080839
2026-02-05,15:06:48,SETUP,SELL,M5,24818.75,24858.75,24768.75,24693.75,1,4,-1,0,168,0.00,0.00,,0,0.00,0.00,0.00,0.00,0,0,0.88,0,1,1,v12.19,4718154977754080839
2026-02-12,12:02:40,SETUP,BUY,M5,25045.00,25005.00,25090.50,25154.25,1,4,-1,0,164,0.00,0.00,,0,0.00,0.00,0.00,0.00,0,0,0.97,0,1,1,v12.19,4718154977754080839
2026-02-12,12:58:30,SETUP,BUY,M5,25122.50,25082.50,25165.00,25224.00,1,6,3,0,96,0.00,0.00,,0,0.00,0.00,0.00,0.00,0,0,0.97,0,1,1,v12.19,4718154977754080839
2026-02-12,13:53:43,SETUP,BUY,M5,25135.50,25096.25,25176.25,25233.25,1,5,2,0,112,0.00,0.00,,0,0.00,0.00,0.00,0.00,0,0,0.97,0,1,0,v12.19,4718154977754080839
2026-02-12,14:43:04,SETUP,BUY,M5,25004.00,24970.50,25038.75,25087.50,1,4,-1,0,144,0.00,0.00,,0,0.00,0.00,0.00,0.00,0,0,0.97,0,1,1,v12.19,4718154977754080839
2026-02-12,14:51:26,SETUP,BUY,M4,24952.75,24919.50,24987.50,25036.00,1,4,1,0,48,0.00,0.00,,0,0.00,0.00,0.00,0.00,0,0,0.97,0,1,0,v12.19,4718154977754080839
2026-02-12,15:03:39,SETUP,BUY,M5,24998.00,24968.00,25029.25,25073.00,1,4,1,-2,440,0.00,0.00,,0,0.00,0.00,0.00,0.00,0,0,0.97,0,1,0,v12.19,4718154977754080839
2026-02-13,14:30:33,SETUP,BUY,M5,24992.00,24952.00,25035.00,25095.25,1,4,-1,0,262,0.00,0.00,,0,0.00,0.00,0.00,0.00,0,0,0.97,0,1,0,v12.19,4718154977754080839
2026-02-17,11:02:07,SETUP,BUY,M2,24950.25,24910.25,25000.25,25073.75,1,6,0,2,112,0.00,0.00,,0,0.00,0.00,0.00,0.00,0,0,0.97,0,1,0,v12.19,4718154977754080839
2026-02-17,11:12:12,SETUP,BUY,M4,24919.50,24879.50,24969.50,25044.50,1,5,1,2,70,0.00,0.00,,0,0.00,0.00,0.00,0.00,0,0,0.97,0,1,1,v12.19,4718154977754080839
2026-02-17,11:21:59,SETUP,BUY,M4,24918.75,24878.75,24968.75,25043.75,1,6,0,2,98,0.00,0.00,,0,0.00,0.00,0.00,0.00,0,0,0.97,0,1,1,v12.19,4718154977754080839
2026-02-23,12:27:51,SETUP,SELL,M5,25005.00,25036.50,24972.25,24926.50,1,4,2,0,-354,0.00,0.00,,0,0.00,0.00,0.00,0.00,0,0,0.97,0,1,2,v12.19,4718154977754080839
2026-02-23,13:35:19,SETUP,SELL,M5,24918.50,24947.25,24888.75,24843.50,1,4,-1,4,226,0.00,0.00,,0,0.00,0.00,0.00,0.00,0,0,0.97,0,1,2,v12.19,4718154977754080839
2026-02-27,14:29:28,SETUP,SELL,M5,25186.50,25217.50,25154.25,25109.25,1,5,2,0,-150,0.00,0.00,,0,0.00,0.00,0.00,0.00,0,0,0.97,0,1,1,v12.19,4718154977754080839
2026-02-27,15:20:31,SETUP,BUY,M4,25180.50,25152.25,25210.00,25255.50,1,4,0,0,246,0.00,0.00,,0,0.00,0.00,0.00,0.00,0,0,0.97,0,1,1,v12.19,4718154977754080839
2026-03-03,13:09:53,SETUP,BUY,M4,24971.25,24931.25,25018.00,25083.25,1,5,0,0,50,0.00,0.00,,0,0.00,0.00,0.00,0.00,0,0,0.97,0,1,1,v12.19,4718154977754080839
2026-03-03,13:34:01,SETUP,BUY,M4,24959.50,24919.50,25008.00,25076.00,1,5,1,0,40,0.00,0.00,,0,0.00,0.00,0.00,0.00,0,0,0.97,0,1,1,v12.19,4718154977754080839
2026-03-03,14:52:07,SETUP,BUY,M5,24955.50,24915.50,25002.50,25068.25,1,6,-1,0,208,0.00,0.00,,0,0.00,0.00,0.00,0.00,0,0,0.97,0,1,1,v12.19,4718154977754080839
2026-03-04,13:38:11,SETUP,SELL,M2,25397.75,25427.25,25367.00,25322.75,1,7,0,0,-96,0.00,0.00,,0,0.00,0.00,0.00,0.00,0,0,0.97,0,1,1,v12.19,4718154977754080839
2026-03-05,11:12:35,SETUP,SELL,M5,25229.00,25269.00,25179.00,25109.25,1,4,1,0,-558,0.00,0.00,,0,0.00,0.00,0.00,0.00,0,0,0.97,0,1,1,v12.19,4718154977754080839
2026-03-05,11:51:56,SETUP,SELL,M5,25025.00,25065.00,24975.25,24906.00,1,6,1,0,128,0.00,0.00,,0,0.00,0.00,0.00,0.00,0,0,0.97,0,1,0,v12.19,4718154977754080839
2026-03-05,14:08:10,SETUP,SELL,M5,25113.50,25153.50,25063.50,24989.50,1,5,2,-2,182,0.00,0.00,,0,0.00,0.00,0.00,0.00,0,0,0.97,0,1,2,v12.19,4718154977754080839
2026-03-05,14:59:55,SETUP,SELL,M5,25256.50,25293.00,25218.50,25165.75,1,5,2,0,-242,0.00,0.00,,0,0.00,0.00,0.00,0.00,0,0,0.97,0,1,0,v12.19,4718154977754080839
2026-03-10,13:24:34,SETUP,SELL,M5,25297.75,25337.75,25247.75,25172.75,1,5,1,-2,208,0.00,0.00,,0,0.00,0.00,0.00,0.00,0,0,0.97,0,1,1,v12.19,4718154977754080839
2026-03-10,13:27:02,SETUP,SELL,M2,25286.00,25326.00,25236.00,25161.00,1,6,-1,-2,64,0.00,0.00,,0,0.00,0.00,0.00,0.00,0,0,0.97,0,1,1,v12.19,4718154977754080839
2026-03-10,14:23:31,SETUP,SELL,M5,25217.00,25257.00,25167.00,25092.00,1,4,1,0,54,0.00,0.00,,0,0.00,0.00,0.00,0.00,0,0,0.97,0,1,0,v12.19,4718154977754080839
2026-03-11,14:38:53,SETUP,BUY,M5,25188.75,25152.00,25227.25,25280.75,1,4,2,-4,136,0.00,0.00,,0,0.00,0.00,0.00,0.00,0,0,0.97,0,1,2,v12.19,4718154977754080839
2026-03-12,11:17:54,SETUP,BUY,M2,24914.00,24874.00,24963.50,25032.50,1,6,3,0,328,0.00,0.00,,0,0.00,0.00,0.00,0.00,0,0,0.97,0,1,1,v12.19,4718154977754080839
2026-03-12,14:46:20,SETUP,BUY,M4,24783.00,24743.00,24826.25,24886.75,1,4,1,2,46,0.00,0.00,,0,0.00,0.00,0.00,0.00,0,0,0.97,0,1,1,v12.19,4718154977754080839
2026-03-12,14:57:16,SETUP,BUY,M5,24759.25,24719.75,24800.50,24858.00,1,5,-1,2,28,0.00,0.00,,0,0.00,0.00,0.00,0.00,0,0,0.97,0,1,0,v12.19,4718154977754080839
2026-03-18,13:18:33,SETUP,BUY,M2,24844.75,24804.75,24887.00,24946.25,1,7,2,2,-166,0.00,0.00,,0,0.00,0.00,0.00,0.00,0,0,0.97,0,1,1,v12.19,4718154977754080839
2026-03-18,14:24:15,SETUP,BUY,M4,24726.00,24686.00,24769.50,24830.25,1,5,0,2,220,0.00,0.00,,0,0.00,0.00,0.00,0.00,0,0,0.97,0,1,1,v12.19,4718154977754080839
2026-03-18,14:59:16,SETUP,BUY,M4,24657.25,24625.75,24690.00,24736.00,1,6,1,0,374,0.00,0.00,,0,0.00,0.00,0.00,0.00,0,0,0.97,0,1,0,v12.19,4718154977754080839
2026-03-19,14:25:55,SETUP,BUY,M4,24593.50,24553.50,24643.50,24718.50,1,6,1,2,286,0.00,0.00,,0,0.00,0.00,0.00,0.00,0,0,0.97,0,1,1,v12.19,4718154977754080839
2026-03-19,14:36:23,SETUP,BUY,M2,24598.50,24558.50,24648.50,24723.50,1,6,1,4,96,0.00,0.00,,0,0.00,0.00,0.00,0.00,0,0,0.97,0,1,1,v12.19,4718154977754080839
2026-03-20,11:56:19,SETUP,SELL,M2,24271.75,24311.75,24228.00,24167.00,1,6,-2,0,-190,0.00,0.00,,0,0.00,0.00,0.00,0.00,0,0,0.97,0,1,3,v12.19,4718154977754080839
2026-03-20,14:10:31,SETUP,BUY,M4,24085.25,24051.00,24120.75,24170.50,1,4,0,2,2,0.00,0.00,,0,0.00,0.00,0.00,0.00,0,0,0.97,0,1,0,v12.19,4718154977754080839
2026-03-20,14:53:05,SETUP,SELL,M8,24061.50,24080.46,24040.69,24006.01,1,4,1,-1,-36,0.00,0.00,,0,0.00,0.00,0.00,0.00,7,4,0.97,0,1,1,v12.19,4718154977754080839
2026-03-24,11:13:17,SETUP,BUY,M5,24332.00,24292.00,24382.00,24457.00,1,5,-1,2,216,0.00,0.00,,0,0.00,0.00,0.00,0.00,0,0,0.97,0,1,0,v12.19,4718154977754080839
2026-03-24,12:29:26,SETUP,BUY,M5,24211.00,24171.00,24259.25,24327.00,1,4,0,0,80,0.00,0.00,,0,0.00,0.00,0.00,0.00,0,0,0.97,0,1,0,v12.19,4718154977754080839
2026-03-24,12:54:10,SETUP,BUY,M2,24237.50,24197.50,24287.50,24361.50,1,6,0,-2,176,0.00,0.00,,0,0.00,0.00,0.00,0.00,0,0,0.97,0,1,1,v12.19,4718154977754080839
2026-03-24,13:18:55,SETUP,BUY,M2,24241.50,24201.50,24291.50,24363.50,1,6,1,1,120,0.00,0.00,,0,0.00,0.00,0.00,0.00,0,0,0.97,0,1,2,v12.19,4718154977754080839
2026-03-24,13:39:14,SETUP,BUY,M5,24334.50,24294.50,24383.50,24452.00,1,4,3,0,108,0.00,0.00,,0,0.00,0.00,0.00,0.00,0,0,0.97,0,1,1,v12.19,4718154977754080839
2026-03-24,14:53:10,SETUP,BUY,M5,24201.00,24161.00,24243.75,24303.50,1,5,-2,0,130,0.00,0.00,,0,0.00,0.00,0.00,0.00,0,0,0.97,0,1,2,v12.19,4718154977754080839
2026-03-25,11:04:11,SETUP,BUY,M5,24367.50,24327.50,24409.50,24468.00,1,6,-1,0,-134,0.00,0.00,,0,0.00,0.00,0.00,0.00,0,0,0.97,0,1,1,v12.19,4718154977754080839
2026-03-25,13:22:12,SETUP,BUY,M5,24419.25,24379.25,24463.50,24525.25,1,5,2,2,-98,0.00,0.00,,0,0.00,0.00,0.00,0.00,0,0,0.97,0,1,1,v12.19,4718154977754080839
2026-03-25,14:32:28,SETUP,BUY,M5,24333.75,24297.50,24371.50,24424.00,1,5,1,0,140,0.00,0.00,,0,0.00,0.00,0.00,0.00,0,0,0.97,0,1,1,v12.19,4718154977754080839
2026-04-02,11:25:46,SETUP,BUY,M5,24082.50,24042.50,24132.50,24207.50,1,4,-2,0,24,0.00,0.00,,0,0.00,0.00,0.00,0.00,0,0,0.97,0,1,0,v12.19,4718154977754080839
2026-04-02,12:47:51,SETUP,BUY,M5,24074.75,24034.75,24124.75,24195.50,1,6,-1,2,106,0.00,0.00,,0,0.00,0.00,0.00,0.00,0,0,0.97,0,1,0,v12.19,4718154977754080839
2026-04-02,14:23:09,SETUP,BUY,M5,24146.50,24108.25,24186.50,24242.25,1,4,2,0,126,0.00,0.00,,0,0.00,0.00,0.00,0.00,0,0,0.97,0,1,1,v12.19,4718154977754080839
